Company,Model,Units sold,Order_Frequency,ARPU Per Year,Recent Quarter Sales,Projected Revenue for Next Quarter,Q-Q Forecasted Growth Percentage,YoY Forecasted Growth Rate,Region
Plymouth,Prowler,33,1.03125,37711.125,$15000,$157403,949,-53.63709198,Austin
Oldsmobile,Aurora,26,1,44464.88462,$24000,$165155,588,-48.40228441,Scottsdale
Toyota,RAV4,19,1,37679.36842,$27000,$153409,468,-25.56682824,Middletown
Lexus,GS400,23,1,21726.34783,$12000,$65179,443,-41.28018018,Austin
Volkswagen,Beetle,23,1,35711.08696,$21000,$112003,433,13.13434343,Janesville
Jaguar,S-Type,28,1,25035.92857,$21001,$105151,401,-17.20458894,Austin
Nissan,Xterra,17,1,19220.64706,$9000,$44557,395,-46.95595238,Janesville
Cadillac,Eldorado,26,1.04,44954.44,$31000,$146591,373,-13.77101446,Middletown
Chevrolet,Lumina,17,1,26665.05882,$12000,$56663,372,-50.29561404,Greenville
Jeep,Grand Cherokee,26,1,19988.61538,$15500,$70869,357,0.951553397,Austin
Plymouth,Prowler,30,1.071428571,38282.46429,$31001,$139814,351,7.135522827,Scottsdale
Porsche,Carrera Cabrio,20,1,24775.25,$18000,$78238,335,-61.64916718,Austin
Lexus,GS300,14,1,36551.71429,$17001,$73103,330,-59.2926908,Austin
Cadillac,Seville,14,1,35521.57143,$17001,$71043,318,-35.41604167,Janesville
Ford,Windstar,20,1,23445.1,$17000,$70335,314,,Pasco
Volkswagen,Golf,25,1,21400.24,$18500,$76429,313,-25.07181161,Middletown
Audi,A8,9,1,33722.33333,$13000,$53559,312,-59.65484512,Janesville
Ford,Crown Victoria,26,1,24604.19231,$20500,$83440,307,-43.85001548,Scottsdale
Toyota,Sienna,22,1,16881.95455,$12000,$48444,304,-25.47076923,Austin
Volvo,S70,23,1,25146,$20001,$75438,277,7.7670319,Janesville
Honda,Civic,18,1,38444.61111,$25000,$90261,261,-49.57514204,Austin
Cadillac,Seville,12,1,32675.5,$22600,$78421,247,-40.59150171,Aurora
Pontiac,Bonneville,24,1,21125.25,$20000,$69137,246,-13.03631401,Aurora
Ford,F-Series,14,1,18150.14286,$13000,$44842,245,-62.67831877,Pasco
Ford,Ranger,12,1,33000.08333,$18500,$62526,238,15.78888889,Aurora
Honda,Civic,16,1,36550.3125,$25000,$83544,234,,Middletown
Chevrolet,Camaro,22,1,28186.54545,$24501,$80883,230,,Austin
Nissan,Frontier,16,1.066666667,28493.46667,$18000,$58282,224,2.249122807,Middletown
Volkswagen,Golf,17,1,22647.29412,$18000,$57751,221,-17.49975,Janesville
Lexus,LX470,17,1,28941.35294,$22000,$70286,219,-41.91287675,Pasco
Audi,A4,14,1.076923077,21107.69231,$12000,$37418,212,,Middletown
Chevrolet,Corvette,31,1,33551.87097,$47000,$141833,202,-41.53699666,Austin
Toyota,Corolla,14,1.076923077,28884.84615,$22000,$66265,201,-60.02159853,Middletown
Nissan,Xterra,13,1,15961.76923,$9000,$27066,201,-80.59812763,Greenville
Chrysler,Cirrus,1,1,12001,$12001,$36003,200,,Pasco
Chrysler,Sebring Conv.,1,1,16000,$16000,$48000,200,,Middletown
Plymouth,Breeze,14,1,30178.78571,$22500,$63375,182,-65.62283024,Pasco
Saturn,LW,31,1,22580.83871,$31501,$87501,178,2.942352941,Scottsdale
Honda,Civic,23,1,38098,$45100,$125179,178,-54.05887469,Pasco
Chrysler,Concorde,12,1,26108.5,$18000,$49469,175,9.203090508,Scottsdale
Jeep,Grand Cherokee,15,1,20100.26667,$15000,$41114,174,-60.27747988,Aurora
Volvo,S80,18,1,22850.11111,$21000,$56087,167,-75.07244444,Austin
Ford,Escort,11,1,13082,$11000,$28780,162,-49.64129484,Janesville
BMW,328i,28,1,28146.57143,$39500,$102796,160,-17.1,Greenville
Chevrolet,Malibu,20,1,36200.3,$40000,$103429,159,-17.914795,Scottsdale
Plymouth,Voyager,27,1.08,33532.12,$42500,$109344,157,-27.104,Scottsdale
Mercury,Villager,17,1,18463.29412,$16001,$40940,156,-65.53930069,Pasco
Cadillac,Seville,13,1,29823.38462,$22000,$55386,152,-72.23842892,Middletown
Toyota,Land Cruiser,18,1,21916.83333,$21501,$53796,150,-56.44083854,Janesville
Dodge,Avenger,13,1,28154.23077,$22000,$54901,150,-52.46748974,Aurora
Chrysler,Concorde,36,1,30497.58333,$55002,$137239,150,53.16510792,Greenville
Nissan,Xterra,7,1,17071.71429,$9000,$22407,149,-71.27307692,Aurora
Cadillac,Eldorado,32,1.032258065,41008.32258,$73001,$181608,149,-34.69710645,Janesville
Mercedes-B,SLK230,22,1,44300.72727,$56002,$139231,149,-56.42222222,Scottsdale
Mercedes-B,S-Class,26,1,31732.84615,$44401,$107616,142,-25.78206897,Middletown
Saturn,SC,23,1,43478.56522,$66001,$157896,139,-46.47647651,Aurora
Mercedes-B,SLK230,14,1,41236,$33500,$78723,135,-38.25647059,Pasco
Volkswagen,Beetle,23,1,33635,$45000,$105492,134,-16.28017713,Greenville
Dodge,Ram Van,18,1,30352.88889,$31000,$71263,130,21.81709402,Aurora
Mercedes-B,SLK,31,1,27645.3871,$51000,$116865,129,-28.95787868,Greenville
Plymouth,Prowler,17,1,24915.05882,$31001,$70593,128,119.9090371,Janesville
Nissan,Sentra,10,1,16960.3,$16000,$36344,127,-62.72524948,Janesville
Ford,F-Series,13,1,16573.46154,$13000,$29380,126,-63.04541967,Janesville
Honda,Passport,20,1,23360.15,$27001,$60940,126,-33.94181156,Aurora
Honda,Civic,18,1,37610.83333,$45490,$101549,123,-22.48167939,Scottsdale
Nissan,Quest,13,1,23769.53846,$19000,$42137,122,-79.64415803,Greenville
Porsche,Carrera Cabrio,13,1,29623.07692,$22000,$48138,119,-74.928125,Janesville
Cadillac,Seville,9,1,39189.22222,$22001,$48096,119,,Pasco
Jeep,Grand Cherokee,14,1,20328.85714,$19000,$40658,114,-62.35474941,Pasco
Lincoln,Town car,25,1.041666667,24457.375,$36001,$76562,113,-52.97261107,Scottsdale
Acura,TL,42,1.024390244,23800.2439,$59901,$127280,112,-49.89075018,Scottsdale
Dodge,Ram Wagon,15,1,21690.33333,$22000,$46479,111,5.629289578,Aurora
Jeep,Cherokee,9,1,23866.88889,$14001,$29291,109,,Middletown
Toyota,Camry,15,1,31660.26667,$31000,$64760,109,-30.3678376,Aurora
Dodge,Durango,37,1,22208.37838,$49500,$102714,108,-23.63328154,Janesville
Oldsmobile,Aurora,25,1,36660.08,$58001,$119544,106,-71.93802817,Middletown
Nissan,Maxima,17,1,32706.05882,$51000,$104251,104,-72.69150472,Greenville
Plymouth,Voyager,21,1,38381.28571,$54003,$109910,104,-8.408333333,Austin
Toyota,Camry,14,1,32828.78571,$31000,$62673,102,-69.27794118,Greenville
Toyota,RAV4,22,1,36204.77273,$49501,$99563,101,-24.74622647,Austin
Oldsmobile,Alero,2,1,17000,$17000,$34000,100,,Scottsdale
Plymouth,Breeze,30,1.034482759,27052.10345,$54000,$106979,98,-30.98262614,Austin
Dodge,Stratus,12,1,29500.16667,$25000,$48273,93,-73.18196464,Aurora
Honda,Accord,43,1,29609.5814,$83002,$159152,92,-32.04527696,Scottsdale
Dodge,Stratus,15,1,31833.6,$31501,$59688,89,-20.416,Scottsdale
Lexus,GS300,8,1,25500.375,$17000,$32211,89,,Pasco
Nissan,Altima,15,1,20303.46667,$20250,$38069,88,-38.99198718,Middletown
Buick,Regal,17,1,29147.23529,$38002,$70786,86,-68.5398352,Pasco
Toyota,4Runner,8,1,29075.125,$25000,$46520,86,-61.74342105,Aurora
Oldsmobile,Aurora,18,1,35803.11111,$48201,$87880,82,-38.33112285,Pasco
Ford,F-Series,22,1,15750.22727,$26001,$47251,82,-20.58655462,Scottsdale
Lexus,LS400,35,1,39603.17143,$109001,$198016,82,25.6430756,Greenville
Ford,Ranger,15,1,30450.2,$36250,$65250,80,-58.70279302,Greenville
Ford,Windstar,13,1,19261.76923,$19000,$34146,80,-38.91592129,Greenville
Dodge,Avenger,19,1,26250.21053,$38000,$68012,79,-36.58673032,Middletown
Mercedes-B,E-Class,15,1,25666.86667,$31000,$55000,77,-40.86021505,Austin
Lincoln,Town car,18,1,22061.33333,$34001,$59566,75,-58.46164575,Greenville
Pontiac,Grand Prix,26,1,43446.34615,$88000,$154037,75,-45.56996466,Scottsdale
Dodge,Durango,33,1,23985.09091,$56701,$98939,74,-54.35403432,Pasco
Infiniti,I30,21,1,29604.95238,$51000,$88815,74,-39.58286566,Scottsdale
Pontiac,Firebird,11,1,43091.27273,$43001,$74843,74,,Janesville
Mitsubishi,Montero Sport,36,1,38141.83333,$107601,$187242,74,-26.3409664,Middletown
Chevrolet,Monte Carlo,19,1,24623.94737,$38501,$66836,74,-51.22421129,Pasco
Nissan,Quest,9,1,26733.66667,$19000,$32810,73,,Austin
Oldsmobile,Silhouette,47,1,29653.42553,$102001,$174214,71,-51.07763765,Greenville
Honda,CR-V,23,1,22798,$44000,$74908,70,-12.18288394,Pasco
Audi,A6,38,1.027027027,23696.24324,$67402,$114360,70,-34.96804131,Aurora
Toyota,Tacoma,15,1,45956.86667,$53000,$89916,70,-64.01215124,Scottsdale
Ford,F-Series,16,1,20168.9375,$26000,$44005,69,-33.92642643,Greenville
Pontiac,Firebird,9,1,43000.11111,$43000,$72563,69,-57.8122093,Middletown
Saturn,LS,16,1,30549.0625,$38001,$63755,68,-52.77407407,Austin
Porsche,Boxter,11,1,21864.09091,$24001,$40084,67,,Aurora
Buick,Regal,18,1.058823529,38644.64706,$62502,$103730,66,-25.64157706,Aurora
Mercury,Cougar,23,1,28826.43478,$50000,$82876,66,-22.54579439,Aurora
Lincoln,Navigator,20,1,24110.25,$38000,$62896,66,-42.08471455,Scottsdale
Volvo,S40,42,1.024390244,28379.4878,$96001,$158667,65,61.90510204,Austin
Lexus,LX470,17,1.0625,40818.9375,$54000,$89060,65,97.91111111,Aurora
Ford,Focus,19,1,33868.68421,$51000,$83935,65,-61.93458563,Greenville
Mercury,Mountaineer,23,1,21022.08696,$42001,$69073,64,-45.39813285,Austin
Porsche,Carrera Coupe,28,1,20143.14286,$47001,$76910,64,-15.25349024,Middletown
Porsche,Carrera Coupe,23,1,20882.82609,$38500,$62648,63,-63.91306602,Aurora
Dodge,Durango,35,1.029411765,23767.79412,$68002,$110196,62,79.1804878,Middletown
Mitsubishi,Galant,13,1,38835,$42500,$68844,62,-59.74082174,Janesville
Mercedes-B,C-Class,22,1,15052.5,$26000,$41394,59,-45.31836196,Pasco
Saturn,SC,9,1,40833.44444,$33000,$52500,59,-47.76119403,Scottsdale
Ford,F-Series,14,1,19407.5,$27000,$42901,59,-35.00045453,Middletown
Mercury,Grand Marquis,35,1.029411765,30504.73529,$90001,$141431,57,47.31475116,Janesville
Porsche,Boxter,12,1,23012.66667,$24001,$37657,57,-48.76598639,Greenville
Ford,Explorer,31,1,31408.19355,$81000,$126998,57,25.11994956,Scottsdale
Ford,Explorer,38,1,30818.68421,$102000,$159697,57,-31.46139749,Janesville
Saturn,SW,9,1,28722.33333,$25000,$38775,55,-48.3,Middletown
Chrysler,Sebring Coupe,25,1,28956.64,$61000,$94424,55,11.74173392,Middletown
Volvo,S70,20,1,23995.2,$47001,$71986,53,-52.15287471,Aurora
Lexus,LS400,45,1.022727273,38815,$145601,$222764,53,43.48543014,Middletown
Toyota,Land Cruiser,22,1.047619048,20367,$36501,$55788,53,-43.65019242,Greenville
Mercedes-B,M-Class,10,1,29100.3,$25000,$37957,52,-49.39066667,Scottsdale
Plymouth,Neon,22,1,22318.40909,$54000,$81834,52,-12.94255319,Middletown
Volkswagen,Jetta,46,1.022222222,35018.13333,$130001,$196977,52,-48.1643566,Greenville
Chevrolet,Prizm,36,1.028571429,23171.54286,$73600,$110591,50,-12.23075824,Scottsdale
Oldsmobile,Intrigue,23,1.045454545,38672.04545,$85001,$127618,50,12.83642794,Greenville
Toyota,Avalon,2,1,18000,$18000,$27000,50,,Pasco
Saturn,LS,23,1,39472,$83001,$123799,49,-42.91056993,Aurora
Saturn,SW,11,1,29091.27273,$36000,$53334,48,-79.51866914,Greenville
Nissan,Frontier,20,1.052631579,27526.52632,$53000,$78451,48,-42.52758201,Aurora
Chrysler,300M,36,1.058823529,23187.02941,$70002,$102829,47,-3.44785495,Janesville
Toyota,Camry,22,1,31068.63636,$60700,$89153,47,-30.35085115,Middletown
Ford,Mustang,24,1,27308.75,$56000,$81926,46,-50.528674,Austin
Mercedes-B,M-Class,11,1,28955,$41001,$59720,46,-44.1874375,Middletown
Dodge,Ram Wagon,11,1,20373.09091,$22000,$32015,46,-33.30625169,Middletown
Ford,Escort,10,1,12210.2,$12000,$17443,45,-51.9476584,Greenville
Dodge,Ram Van,24,1.043478261,39611.08696,$90001,$130151,45,0.892248062,Middletown
Subaru,Outback,21,1,36704.90476,$76501,$110115,44,-36.71588094,Janesville
Mercedes-B,CL500,18,1,24355.94444,$51000,$73068,43,-16.01668908,Aurora
Chevrolet,Lumina,24,1,25066.83333,$52500,$75201,43,-16.44426173,Scottsdale
Mercury,Mystique,10,1,19190.4,$18400,$26169,42,-69.92138112,Janesville
Mitsubishi,Eclipse,22,1,21227.5,$52000,$73738,42,11.72424242,Austin
Mercedes-B,CLK Coupe,8,1,22000.375,$22000,$31059,41,-52.94304804,Austin
BMW,328i,30,1,32253.7,$90001,$126210,40,8.707074013,Austin
Saab,SportCombi,6,1,28167,$28000,$39000,39,-54.38703188,Pasco
Toyota,Corolla,13,1,23115.53846,$36001,$50084,39,39.12222222,Greenville
Hyundai,Elantra,9,1.125,26362.875,$22000,$30129,37,-58.756776,Pasco
Buick,Park Avenue,37,1,43786.64865,$148000,$202513,37,-46.42555747,Middletown
Saturn,LW,17,1.133333333,28110.13333,$44050,$60236,37,-59.02312925,Pasco
Toyota,Sienna,20,1,20775.4,$38000,$51939,37,-66.70640949,Greenville
Buick,Park Avenue,16,1,41815.875,$70200,$95579,36,-51.58154426,Pasco
BMW,323i,37,1,18543.40541,$63001,$85763,36,-53.89135601,Austin
Volkswagen,GTI,21,1,23921.71429,$50502,$68503,36,-49.5373849,Pasco
Chrysler,Town & Country,6,1,25583.5,$17000,$23025,35,,Aurora
Chrysler,Concorde,64,1.015873016,31128.8254,$181002,$245140,35,-56.22539084,Austin
Ford,Windstar,11,1,26700,$31000,$41957,35,-55.6010582,Scottsdale
Porsche,Boxter,17,1,21453.11765,$38500,$52100,35,-27.63888889,Janesville
Mercedes-B,C-Class,20,1,14480.15,$34000,$45727,34,-41.38015024,Janesville
Volvo,V70,8,1,39137.75,$39000,$52184,34,-55.9628692,Janesville
Hyundai,Accent,8,1,18013.875,$36000,$48037,33,,Middletown
Mitsubishi,Mirage,4,1,9000.25,$9000,$12000,33,,Greenville
Chrysler,Sebring Coupe,31,1,26944.70968,$89501,$119327,33,-61.93788955,Aurora
Pontiac,Bonneville,31,1,20229.22581,$61500,$81796,33,-9.619676913,Janesville
Honda,CR-V,20,1,25805.85,$53002,$70380,33,-32.72153714,Greenville
Plymouth,Breeze,12,1,28667.08333,$39000,$51601,32,,Middletown
Honda,Odyssey,12,1,36066.91667,$54801,$72134,32,-33.20987769,Janesville
Nissan,Quest,12,1,22208.5,$32000,$42079,31,-63.08859649,Pasco
Toyota,Corolla,20,1,27655.25,$55000,$72144,31,-17.36271792,Janesville
Chevrolet,Cavalier,33,1.064516129,21278.93548,$63050,$82456,31,-49.4578376,Janesville
Pontiac,Sunfire,32,1,35280.90625,$118001,$153953,30,19.34341085,Scottsdale
Toyota,Land Cruiser,15,1,22333.53333,$33500,$43696,30,-20.19286967,Scottsdale
Chevrolet,Monte Carlo,21,1,27823.90476,$64301,$83472,30,-36.76363636,Austin
Toyota,Land Cruiser,15,1,22706.73333,$33000,$42575,29,-57.38323557,Middletown
Saab,Aero,25,1,35899.56,$87001,$112186,29,-33.8139598,Janesville
Lexus,GS400,26,1.04,27604.32,$67102,$86264,29,-75.37094614,Greenville
Toyota,Celica,24,1,28475.25,$76001,$97629,28,-6.125961538,Middletown
Toyota,4Runner,13,1,29846.38462,$50500,$64667,28,26.30026757,Janesville
Chevrolet,Impala,16,1,19193.8125,$36000,$46065,28,-63.44047619,Middletown
Saturn,LS,20,1,35410.3,$75501,$96574,28,,Scottsdale
Chevrolet,Monte Carlo,27,1.08,30252.4,$81000,$103133,27,-21.86893939,Janesville
Toyota,Corolla,12,1,31833.58333,$41000,$52091,27,-57.6495935,Scottsdale
Chevrolet,Prizm,53,1.039215686,22927.78431,$120503,$152520,27,60.12094107,Pasco
Lincoln,Navigator,13,1,23539,$33000,$41728,26,-51.19703402,Aurora
Oldsmobile,Bravada,35,1,24641.6,$89001,$112494,26,17.18002937,Janesville
Mercedes-B,M-Class,14,1,27143.07143,$43001,$54286,26,-41.15338753,Aurora
Plymouth,Neon,28,1.076923077,25221.38462,$71000,$89421,26,-3.328648649,Scottsdale
Mercury,Grand Marquis,45,1,30118.24444,$135410,$169415,25,-16.95465263,Austin
Mercedes-B,SLK230,18,1,36183.55556,$71000,$88814,25,111.4619048,Austin
Volkswagen,Passat,36,1,20027.94444,$76001,$94044,24,-12.92222222,Middletown
Chevrolet,Malibu,28,1,44927.14286,$139001,$171540,23,-12.09973713,Aurora
Chevrolet,Corvette,36,1.028571429,33603.28571,$119501,$147014,23,-47.61772419,Scottsdale
Jeep,Wrangler,19,1,20979.05263,$42501,$51992,22,-58.07096774,Greenville
Toyota,Camry,25,1,31148.24,$87000,$106187,22,-32.01943637,Pasco
Ford,Taurus,31,1,45543.77419,$151001,$184155,22,-47.27159759,Scottsdale
Chevrolet,Impala,7,1,18500.28571,$14501,$17659,22,-73.24393939,Greenville
Buick,Century,17,1,17041.29412,$34000,$41386,22,-39.13823529,Austin
Ford,Windstar,21,1,24381.19048,$55000,$66783,21,17.16315789,Janesville
Cadillac,Eldorado,32,1.103448276,45958.7931,$151000,$181746,20,-47.51791072,Aurora
Cadillac,Catera,17,1,55747.29412,$103000,$123614,20,-45.06093279,Greenville
Acura,Integra,6,1,45000.16667,$45000,$54000,20,-60.00088887,Middletown
Mercedes-B,S-Class,39,1.054054054,29040.94595,$122605,$146525,20,25.23397236,Janesville
Plymouth,Neon,22,1,22409.31818,$54000,$64305,19,-26.0862069,Janesville
Pontiac,Firebird,4,1,43125,$43500,$51750,19,,Pasco
Toyota,Sienna,15,1,18833.66667,$31000,$36848,19,-76.82559449,Pasco
Chevrolet,Impala,9,1,19250.22222,$22000,$25988,18,-50.49904762,Pasco
Ford,Mustang,24,1,27343.54167,$69601,$82031,18,-64.95330297,Scottsdale
Pontiac,Grand Am,23,1,20752.34783,$55301,$65087,18,-34.913,Greenville
Nissan,Maxima,13,1,34208.07692,$54000,$63529,18,-46.43468436,Pasco
Ford,Crown Victoria,21,1,25975.47619,$60500,$71150,18,-28.27693269,Middletown
Chrysler,Sebring Coupe,41,1,27181.85366,$118801,$139307,17,3.188841647,Janesville
Mitsubishi,Eclipse,18,1,23789.22222,$50000,$58392,17,-74.95045173,Greenville
Ford,Focus,15,1,29686.86667,$49800,$58083,17,-66.24102016,Pasco
Lexus,GS400,21,1,23785.95238,$55900,$65153,17,-29.94301075,Middletown
Chevrolet,Lumina,19,1.055555556,17611.38889,$34000,$39626,17,80.11818182,Pasco
Lexus,LX470,17,1,33153.11765,$69100,$80515,17,5.938001632,Greenville
Volkswagen,Jetta,60,1.052631579,32038.89474,$197001,$228277,16,-20.73797842,Aurora
Ford,Crown Victoria,21,1,25600.2381,$58000,$67201,16,-22.76013471,Austin
Subaru,Forester,30,1.034482759,22998.48276,$72001,$83370,16,-33.03722029,Middletown
Jeep,Wrangler,21,1.05,20125.2,$55000,$63553,16,11.49649123,Middletown
Mitsubishi,Eclipse,8,1,24625,$27000,$31105,15,-58.52666667,Scottsdale
Plymouth,Neon,36,1.028571429,22708.8,$94101,$108383,15,52.64996268,Austin
Chevrolet,Corvette,27,1,31455.74074,$92500,$106163,15,-38.72265512,Middletown
Pontiac,Bonneville,31,1,22100.41935,$78001,$89363,15,-21.61346631,Austin
Chevrolet,Lumina,36,1,29530.77778,$116002,$132889,15,19.71766274,Austin
Plymouth,Prowler,23,1.045454545,37163.77273,$102000,$116800,15,-56.17260788,Aurora
Lexus,ES300,6,1,23333.5,$16000,$18261,14,,Scottsdale
Dodge,Intrepid,9,1,26611.22222,$42000,$47900,14,-48.49462366,Janesville
Mercury,Grand Marquis,35,1.060606061,36210.84848,$131000,$149370,14,453.1607599,Aurora
Subaru,Forester,51,1.02,22681.28,$129802,$147921,14,-26.7725072,Austin
Lexus,LX470,16,1.066666667,36100.2,$59500,$67688,14,-58.21805769,Austin
Acura,TL,29,1,22258.82759,$81701,$92215,13,25.46258503,Aurora
Mercedes-B,E-Class,15,1,26773.46667,$46501,$52383,13,-77.35278859,Pasco
Mercedes-B,CLK Coupe,3,1,22000,$22000,$24750,13,,Greenville
Lexus,LS400,65,1.015625,37992.4375,$284001,$317154,12,-22.03763975,Janesville
Audi,A4,14,1,20671.64286,$39000,$43410,11,-56.67751143,Pasco
Plymouth,Neon,21,1.05,23894.1,$56000,$62332,11,3.886666667,Aurora
Toyota,Corolla,18,1,25306.11111,$94503,$105118,11,-14.54029577,Pasco
Saab,Aero,19,1,32763.36842,$70001,$77813,11,7.328275862,Middletown
Nissan,Pathfinder,72,1.028571429,33681.38571,$265503,$294712,11,-40.06300551,Austin
Toyota,Land Cruiser,15,1.071428571,22571.64286,$45000,$49895,11,-63.04074074,Pasco
Ford,Ranger,18,1,33922.5,$97601,$107754,10,-48.19544137,Pasco
Volkswagen,Jetta,42,1.024390244,31174.60976,$145001,$159770,10,-3.869989531,Pasco
Pontiac,Grand Am,21,1,21955.09524,$69851,$76843,10,-70.89313379,Pasco
Chevrolet,Prizm,45,1.022727273,24259.36364,$121501,$133427,10,-14.05834348,Aurora
Mitsubishi,3000GT,42,1,21857.35714,$104500,$114751,10,-25.39140725,Scottsdale
Mercury,Cougar,22,1,30541.13636,$92000,$100786,10,-24.50599991,Pasco
BMW,528i,37,1,31000.24324,$143001,$156410,9,-28.58088702,Greenville
Plymouth,Voyager,29,1,25520.89655,$92502,$100924,9,-15.89806837,Janesville
Toyota,Corolla,19,1,25500.26316,$58000,$63196,9,14.89764009,Austin
Toyota,Corolla,13,1,25192.61538,$41000,$44660,9,,Aurora
Saab,SportCombi,7,1.166666667,37167.16667,$28000,$30410,9,,Aurora
Volkswagen,Cabrio,24,1.043478261,17963.3913,$50001,$53890,8,31.43902439,Pasco
Toyota,RAV4,21,1,27033.61905,$72001,$77414,8,-4.427160494,Janesville
Hyundai,Sonata,23,1,18500.17391,$54001,$58023,7,-37.10380263,Janesville
Nissan,Pathfinder,12,1,29700.08333,$52500,$56274,7,-75.15496689,Scottsdale
Hyundai,Elantra,8,1,23562.5,$22000,$23563,7,-78.77207207,Aurora
Mercedes-B,SL-Class,22,1,26291.31818,$81102,$86761,7,-16.17699628,Greenville
Buick,Park Avenue,24,1,47158.83333,$144303,$154338,7,-69.46861165,Greenville
Volkswagen,Passat,47,1.044444444,20094.68889,$106001,$113033,7,-8.103999154,Pasco
Oldsmobile,Silhouette,48,1.066666667,28103.73333,$148505,$158084,6,-14.66681061,Pasco
Toyota,Land Cruiser,18,1,19500.11111,$45000,$47864,6,22.72820513,Austin
Pontiac,Sunfire,34,1,35256.05882,$147501,$156353,6,-28.44321791,Austin
Lexus,GS400,21,1,25786.04762,$67002,$70631,5,-47.68074074,Aurora
Mitsubishi,Galant,7,1,37886.14286,$36001,$37886,5,-51.73757962,Aurora
Nissan,Frontier,33,1,23527.42424,$105501,$110915,5,-38.10581414,Janesville
Saturn,LS,20,1,35957.75,$103002,$107873,5,-67.70047039,Pasco
Oldsmobile,Aurora,18,1,41005.72222,$92000,$96274,5,-54.80093897,Janesville
Acura,Integra,9,1,45055.88889,$90001,$93578,4,3.975555556,Janesville
Ford,Focus,9,1,35622.33333,$66100,$68700,4,-80.17316017,Scottsdale
Chevrolet,Monte Carlo,26,1.04,26062.4,$85801,$88849,4,-8.87468975,Scottsdale
Dodge,Ram Wagon,16,1,20875.4375,$44000,$45546,4,,Janesville
Nissan,Pathfinder,40,1.025641026,33557.94872,$165001,$170708,3,-37.64136883,Aurora
Mitsubishi,Eclipse,9,1,21977.88889,$25000,$25800,3,,Aurora
Volkswagen,Golf,18,1,26750.22222,$70400,$72226,3,-48.44719167,Greenville
Hyundai,Accent,7,1,18072,$18500,$18976,3,,Pasco
Saturn,SW,10,1.111111111,32822.44444,$36000,$36925,3,-82.90533002,Pasco
Ford,Explorer,35,1.029411765,35222.35294,$146000,$149695,3,-50.96035092,Aurora
Mercedes-B,E-Class,14,1,28757.28571,$62000,$63569,3,-31.64623656,Aurora
Lincoln,Continental,32,1,45922.125,$187001,$191675,2,-12.87658406,Aurora
Ford,Taurus,21,1,45219.42857,$121000,$123862,2,-40.16415221,Pasco
Chevrolet,Monte Carlo,20,1,26775.2,$78500,$80326,2,-40.49925926,Aurora
Chevrolet,Cavalier,20,1,20440.25,$54501,$55746,2,-51.1,Middletown
BMW,528i,58,1.01754386,27580.89474,$192153,$196514,2,-38.99979202,Scottsdale
Dodge,Intrepid,15,1,16456.73333,$31501,$32198,2,-51.65465465,Middletown
Jeep,Grand Cherokee,13,1,21969.38462,$40000,$40800,2,-76.34782609,Greenville
Cadillac,Catera,14,1,55003.92857,$103000,$105008,2,-65.09645939,Janesville
Infiniti,I30,24,1,31496.16667,$92902,$94489,2,-12.51018519,Pasco
Mercury,Sable,23,1,41095.91304,$139501,$141781,2,-69.03012868,Aurora
Chrysler,Concorde,33,1,31676.0303,$140401,$142542,2,-49.27403169,Middletown
Ford,F-Series,9,1,16500.33333,$22000,$22275,1,-63.7804878,Aurora
Honda,CR-V,22,1,22922.86364,$65002,$65779,1,-68.67666667,Scottsdale
Oldsmobile,Cutlass,30,1,37333.4,$138500,$140000,1,8.527131783,Janesville
Saturn,LW,31,1,20851.96774,$80005,$80801,1,-37.60636901,Austin
Cadillac,Eldorado,43,1,39795.60465,$212001,$213901,1,-4.296139202,Austin
Audi,A4,26,1,21261.84615,$75002,$75383,1,28.85542375,Austin
Dodge,Avenger,18,1,24861.16667,$83500,$83906,0,-72.64678077,Pasco
Nissan,Pathfinder,48,1.021276596,33521.40426,$205002,$205501,0,21.59822485,Janesville
Toyota,4Runner,8,1,27750.375,,$35053,,-73.13987525,Austin
Audi,A4,13,1,16654.15385,,$36084,,-76.41661111,Janesville
Audi,A8,5,1,37900.2,,$31584,,,Austin
Hyundai,Accent,6,1,18183.5,,$32730,,-60.03663004,Aurora
Hyundai,Accent,1,1,18000,,$54000,,,Greenville
Hyundai,Accent,2,1,18200,,$9927,,,Janesville
Hyundai,Accent,6,1,18150,,$19218,,-64.41111111,Scottsdale
Oldsmobile,Alero,1,1,17000,,$51000,,,Aurora
Oldsmobile,Alero,6,1,17083.33333,,$23654,,-53.61960784,Austin
Oldsmobile,Alero,3,1,17067,,$17067,,-66.53529412,Greenville
Oldsmobile,Alero,1,1,17000,,$51000,,,Pasco
Oldsmobile,Aurora,14,1,42214.5,,$104295,,9.784210526,Aurora
Toyota,Avalon,2,1,18000,,$13500,,-75,Aurora
Toyota,Avalon,3,1,18000.33333,,$12462,,,Austin
Toyota,Avalon,1,1,18000,,$54000,,,Greenville
Toyota,Avalon,4,1,18000.25,,$24000,,-55.55555556,Janesville
Dodge,Avenger,13,1,25046.46154,,$48841,,-26.0018484,Greenville
Plymouth,Breeze,5,1,27600.2,,$19714,,,Scottsdale
Chevrolet,Camaro,13,1,30023.46154,,$61627,,-35.80587702,Scottsdale
Porsche,Carrera Cabrio,11,1,28109.36364,,$51534,,-31.288,Greenville
Porsche,Carrera Cabrio,14,1,26514.42857,,$65506,,,Middletown
Cadillac,Catera,5,1,47040.2,,$35280,,,Aurora
Cadillac,Catera,9,1,59389.11111,,$89084,,-71.17022654,Middletown
Mercedes-B,C-Class,22,1,14720.86364,,$48579,,-6.127536232,Austin
Buick,Century,2,1,17425.5,,$34851,,-33.99806829,Middletown
Jeep,Cherokee,7,1,26643.28571,,$55951,,28.62298851,Austin
Jeep,Cherokee,14,1,25071.71429,,$58501,,17.002,Janesville
Chrysler,Cirrus,8,1,13662.625,,$15614,,,Janesville
Chrysler,Cirrus,5,1,12000.2,,$16364,,-54.54444444,Middletown
Chrysler,Cirrus,6,1,14000,,$13263,,-63.15833333,Scottsdale
Honda,Civic,14,1,34193.07143,,$84477,,-37.88455882,Aurora
Mercedes-B,CLK Coupe,2,1,22000,,$11000,,,Janesville
Mercedes-B,CLK Coupe,5,1,22070.4,,$18392,,,Middletown
Mercedes-B,CLK Coupe,4,1,22000,,$14667,,,Pasco
Ford,Contour,17,1,49382.58824,,$132553,,-64.43964534,Austin
Dodge,Dakota,7,1,18571.57143,,$24375,,,Scottsdale
Cadillac,DeVille,11,1,39145.72727,,$61515,,-6.799690923,Middletown
Cadillac,DeVille,9,1,48166.88889,,$86700,,-23.27433628,Pasco
Mitsubishi,Eclipse,10,1.111111111,27833.66667,,$37575,,-49.9,Middletown
Hyundai,Elantra,9,1.125,25750.25,,$36353,,,Austin
Hyundai,Elantra,12,1,23458.5,,$64962,,-18.28987585,Scottsdale
Lexus,ES300,14,1,27464.57143,,$67854,,-16.22962963,Pasco
Cadillac,Escalade,25,1,31988.2,,$126269,,-58.01599308,Greenville
Pontiac,Firebird,2,1,43250.5,,$129752,,,Scottsdale
Lexus,GS300,8,1,38250.25,,$48316,,-68.42091503,Aurora
Lexus,GS300,10,1,40900.3,,$61350,,,Scottsdale
Acura,Integra,7,1,45035.71429,,$67554,,-49.96,Greenville
Acura,Integra,6,1,41539,,$43982,,,Pasco
Buick,LeSabre,8,1,20000.125,,$26667,,-55.555,Aurora
Buick,LeSabre,7,1,20071.71429,,$22185,,,Greenville
Buick,LeSabre,5,1,20000.4,,$15000,,,Middletown
Buick,LeSabre,6,1,20083.33333,,$32864,,-45.22666667,Pasco
Nissan,Maxima,17,1,26000.23529,,$66301,,-59.93921487,Aurora
Nissan,Maxima,11,1,29273,,$50843,,-38.37361519,Janesville
Mitsubishi,Mirage,2,1,9000.5,,$3000,,,Austin
Mitsubishi,Mirage,2,1,9000,,$4500,,-83.33333333,Janesville
Mitsubishi,Mirage,3,1,9167,,$5156,,,Middletown
Mitsubishi,Mirage,2,1,9000,,$4500,,,Pasco
Mitsubishi,Mirage,4,1,9050.25,,$15515,,,Scottsdale
Mitsubishi,Montero,7,1,16000.14286,,$21000,,,Janesville
Mitsubishi,Montero,6,1,16100.66667,,$16101,,,Scottsdale
Mercury,Mystique,8,1,21562.875,,$28751,,,Austin
Mercury,Mystique,4,1,24150,,$15253,,-82.52806415,Pasco
Mercury,Mystique,2,1,29000,,$87000,,,Scottsdale
Lincoln,Navigator,18,1.058823529,28464.94118,,$80651,,-54.43523556,Janesville
Dodge,Neon,3,1,19166.66667,,$19167,,-66.37368421,Aurora
Dodge,Neon,2,1,19000,,$57000,,0,Austin
Dodge,Neon,4,1,19000.25,,$28500,,,Janesville
Dodge,Neon,5,1,19100.4,,$23876,,-59.18632479,Middletown
Dodge,Neon,3,1,19166.66667,,$8625,,,Pasco
Dodge,Neon,3,1,19200,,$43200,,,Scottsdale
Honda,Odyssey,8,1,30375.125,,$36450,,-55.0016666,Aurora
Honda,Odyssey,8,1,40500.625,,$57177,,-52.94151537,Greenville
Nissan,Quest,16,1,23737.75,,$56971,,-20.87361111,Middletown
Nissan,Quest,16,1,24318.875,,$72957,,-23.20396627,Scottsdale
Ford,Ranger,13,1,29042.61538,,$62926,,-16.93266273,Scottsdale
Toyota,RAV4,17,1,28482.47059,,$76453,,-7.32969697,Pasco
Lexus,RX300,2,1,18150.5,,$21781,,,Austin
Lexus,RX300,2,1,18000,,$8308,,,Greenville
Lexus,RX300,1,1,18000,,$54000,,,Janesville
Lexus,RX300,2,1,18000,,$7714,,,Middletown
Lexus,RX300,3,1,18000,,$16200,,-70,Pasco
Volvo,S70,15,1,25333.53333,,$60000,,25,Middletown
Volvo,S80,9,1,24233.77778,,$50332,,,Aurora
Volvo,S80,3,1,23700.66667,,$35551,,-43.83728278,Greenville
Volvo,S80,5,1,21100.2,,$24346,,,Pasco
Chrysler,Sebring Conv.,1,1,16600,,$49800,,,Aurora
Chrysler,Sebring Conv.,1,1,16200,,$48600,,,Austin
Chrysler,Sebring Conv.,3,1,16333.33333,,$9800,,-79.58333333,Greenville
Chrysler,Sebring Conv.,2,1,16000,,$32000,,,Janesville
Chrysler,Sebring Conv.,1,1,16700,,$50100,,,Pasco
Chrysler,Sebring Conv.,1,1,16001,,$48003,,0,Scottsdale
Nissan,Sentra,4,1,16000.5,,$16001,,-66.66666667,Aurora
Nissan,Sentra,5,1,16100.2,,$15094,,-52.83125,Austin
Nissan,Sentra,6,1,16000.33333,,$16000,,-66.66666667,Greenville
Nissan,Sentra,8,1,17125.125,,$19572,,-79.6125,Scottsdale
Saturn,SL,8,1,15887.75,,$22430,,-64.81679006,Aurora
Saturn,SL,9,1,17055.66667,,$25584,,-44.98064516,Janesville
Mercedes-B,SL-Class,7,1,25143,,$33000,,-35.29411765,Scottsdale
Saab,SportCombi,2,1,28001,,$33601,,,Austin
Saab,SportCombi,7,1,29857.28571,,$34834,,-58.53095238,Greenville
Saab,SportCombi,8,1,31250,,$39474,,-86.43505155,Janesville
Saab,SportCombi,3,1,28000.33333,,$18000,,-78.57219385,Scottsdale
Dodge,Stratus,11,1,30641.36364,,$84264,,-1.36255092,Greenville
Chrysler,Town & Country,4,1,29700.25,,$35640,,-71.71495917,Austin
Chrysler,Town & Country,5,1,27000.2,,$28929,,-77.04047619,Janesville
Chrysler,Town & Country,2,1,17000.5,,$14572,,,Middletown
Chrysler,Town & Country,6,1,21250.33333,,$23907,,-53.12628669,Pasco
Chrysler,Town & Country,4,1,29500.5,,$16857,,,Scottsdale
Volvo,V40,2,1,18000,,$10800,,,Aurora
Volvo,V40,5,1,18000.4,,$12857,,,Austin
Volvo,V40,3,1,18333.33333,,$23571,,-57.41463415,Greenville
Volvo,V40,2,1,18000.5,,$13500,,,Pasco
Volvo,V40,2,1,18000,,$6353,,,Scottsdale
Volvo,V70,9,1,39000.11111,,$61941,,,Greenville
Volvo,V70,5,1,39040.2,,$36600,,,Scottsdale
Nissan,Xterra,14,1.076923077,23096.38462,,$47408,,-69.90006476,Middletown
Nissan,Xterra,14,1.076923077,18029.38462,,$39064,,44.68148148,Pasco
Nissan,Xterra,13,1,22731.07692,,$63322,,-54.60853608,Scottsdale
Lexus,RX300,3,1,18000.33333,$18001,$18000,0,,Scottsdale
Mercedes-B,SL-Class,30,1.034482759,27020.86207,$107102,$106855,0,105.4903846,Aurora
Jeep,Wrangler,19,1,21858.10526,$59502,$59329,0,-60.64437383,Janesville
Dodge,Ram Van,28,1,31360.92857,$110101,$109763,0,-6.186271912,Scottsdale
Dodge,Ram Pickup,43,1.075,28248.8,$142342,$141244,-1,54.36502732,Pasco
Mercury,Villager,19,1,19123.89474,$50000,$49548,-1,-60.83997882,Aurora
Honda,Passport,30,1,23616.83333,$103001,$101215,-2,89.18691589,Janesville
Acura,TL,43,1.023809524,23943.16667,$128001,$125702,-2,-59.80789952,Janesville
Volkswagen,Cabrio,20,1,18960.1,$58100,$56880,-2,-24.16,Greenville
Pontiac,Firebird,13,1,43092.46154,$86001,$84030,-2,-34.86197995,Austin
Ford,Explorer,34,1,32113.5,$145902,$142416,-2,-22.6008413,Pasco
Chrysler,Concorde,35,1.029411765,31979.55882,$152002,$148269,-2,-40.28658765,Aurora
Audi,A6,65,1.06557377,23858.5082,$186503,$181921,-2,-40.82022355,Scottsdale
Mercury,Villager,23,1,19150.21739,$56501,$55057,-3,-43.09354005,Austin
Mercury,Mountaineer,11,1,21045.72727,$42000,$40853,-3,-36.6620155,Janesville
Mitsubishi,Diamante,63,1.032786885,21545.2623,$176602,$171425,-3,10.4172571,Scottsdale
Ford,Crown Victoria,17,1,24158.88235,$60501,$58672,-3,-40.13061224,Pasco
Nissan,Maxima,18,1,35764.05556,$83500,$80469,-4,-70.56493207,Austin
Volvo,C70,28,1,31112.82143,$113001,$108895,-4,-55.36779202,Pasco
Dodge,Viper,28,1.037037037,30813.18519,$108002,$103995,-4,-66.70082131,Aurora
Saturn,LS,23,1.045454545,38968.31818,$111300,$107163,-4,-7.218181818,Middletown
Cadillac,Catera,14,1,58293.14286,$150000,$144018,-4,,Austin
Ford,Contour,15,1,44853.73333,$100202,$96115,-4,-32.78718331,Pasco
Dodge,Stratus,14,1,29803.64286,$93500,$89411,-4,5.499705015,Pasco
Chevrolet,Malibu,33,1,41028.90909,$177001,$169244,-4,-69.73066942,Greenville
Mercury,Cougar,26,1,29331.03846,$114002,$108944,-4,63.82556391,Scottsdale
Mitsubishi,Galant,14,1,39128.64286,$78201,$74700,-4,-40.71428571,Greenville
Saab,Aero,27,1,39846.48148,$161000,$153694,-5,-36.35859213,Austin
Volkswagen,GTI,25,1,24260.32,$100501,$95764,-5,0.802088377,Janesville
Chrysler,Concorde,19,1.055555556,28722.44444,$68001,$64626,-5,-46.14634634,Pasco
Saturn,SL,5,1,16900,$53500,$50700,-5,,Middletown
Mercedes-B,SLK230,14,1,29057.28571,$56002,$53061,-5,21.97931034,Aurora
BMW,323i,40,1,17149.075,$90501,$85745,-5,-41.67125841,Greenville
Buick,Century,6,1,17000.33333,$17000,$16106,-5,-84.20980392,Pasco
BMW,323i,33,1,17283.54545,$82101,$77776,-5,-40.40381595,Middletown
Dodge,Viper,36,1.028571429,32550.4,$157002,$148600,-5,10.72860315,Scottsdale
Volkswagen,Beetle,5,1,45380.2,$45000,$42544,-5,-68.83223443,Scottsdale
Acura,TL,38,1.027027027,23100.32432,$118002,$111484,-6,-29.97412125,Greenville
Mercedes-B,SLK,27,1,32990.92593,$128751,$121467,-6,-30.49178264,Middletown
Infiniti,I30,18,1,26666.94444,$69500,$65455,-6,-19.68908738,Greenville
Mitsubishi,3000GT,42,1.05,23565.25,$131102,$122949,-6,-12.74147989,Aurora
Pontiac,Sunfire,33,1,29879.06061,$132001,$123251,-7,-29.9718185,Greenville
Mercedes-B,C-Class,22,1,14593.36364,$43001,$40132,-7,-24.56390977,Greenville
Dodge,Caravan,16,1.066666667,28273.73333,$62000,$57833,-7,-58.98368794,Pasco
Mercedes-B,SLK,26,1,26257.15385,$91500,$85336,-7,-17.55135166,Austin
Oldsmobile,Intrigue,23,1,37967.69565,$129001,$119081,-8,-59.91550955,Aurora
Toyota,Camry,29,1.035714286,31889.14286,$120991,$111612,-8,77.16190476,Scottsdale
Ford,Escort,8,1,12975.375,$26002,$23955,-8,-61.97739754,Pasco
Saturn,SC,25,1.086956522,37208.91304,$127001,$116701,-8,16.12039801,Janesville
Chevrolet,Corvette,44,1,32061.65909,$192601,$176339,-8,-42.0895689,Pasco
Mercury,Cougar,28,1,28321.78571,$113002,$103436,-8,-11.13745704,Janesville
Acura,Integra,7,1,45071.57143,$45000,$41152,-9,-69.51771442,Scottsdale
Chevrolet,Impala,15,1,19200.4,$43001,$39274,-9,-40.49393939,Scottsdale
Chrysler,Cirrus,7,1,12000.28571,$12000,$10957,-9,,Greenville
BMW,323i,44,1.047619048,17454.95238,$109503,$99969,-9,-39.59613537,Janesville
Mitsubishi,Eclipse,10,1,26090.4,$50501,$46042,-9,-43.16012987,Pasco
Lincoln,Navigator,23,1,23769.78261,$90000,$82006,-9,-41.08849011,Austin
Cadillac,Escalade,21,1,31105.19048,$98001,$89074,-9,-45.72067543,Pasco
Ford,Expedition,28,1,21186.07143,$82000,$74151,-10,-14.77190442,Aurora
Jaguar,S-Type,34,1.0625,26744,$129302,$116701,-10,-8.471239667,Aurora
Chrysler,Cirrus,3,1,12000,$12000,$10800,-10,,Aurora
Mitsubishi,3000GT,36,1.028571429,22171.68571,$118000,$105819,-10,-22.70512699,Pasco
Chrysler,300M,36,1,20871.02778,$114501,$102458,-11,-37.90461876,Austin
Subaru,Forester,37,1,22596.94595,$116882,$104511,-11,-23.15480655,Pasco
Subaru,Forester,28,1,22536.07143,$106002,$94652,-11,-40.28378012,Scottsdale
Mercedes-B,SLK230,23,1.045454545,44036.63636,$142000,$126366,-11,-59.49885579,Middletown
Buick,Regal,13,1,32807.92308,$65501,$58160,-11,-40.80527623,Middletown
Honda,CR-V,23,1,23522.52174,$96501,$85424,-11,-46.27421384,Middletown
Chevrolet,Cavalier,21,1,20281.04762,$60200,$53238,-12,-27.2704918,Pasco
Chevrolet,Prizm,51,1,23190.41176,$167503,$147839,-12,-36.00126405,Greenville
Mercury,Villager,21,1,19528.66667,$58101,$51263,-12,-22.32878788,Janesville
Toyota,Tacoma,36,1,46705.83333,$272501,$240201,-12,49.65514663,Janesville
Ford,Expedition,22,1,21463.86364,$73101,$64392,-12,-65.93015873,Greenville
Honda,Accord,35,1,28606.88571,$142133,$125155,-12,-3.541425819,Pasco
Lincoln,Continental,25,1,39388.24,$140001,$123088,-12,-2.311111111,Scottsdale
Volkswagen,Jetta,65,1.083333333,36833.56667,$314504,$276252,-12,7.490214084,Janesville
Infiniti,I30,27,1,28222.2963,$124001,$108857,-12,22.31123596,Middletown
Cadillac,Eldorado,36,1.028571429,35597.37143,$224100,$196722,-12,-17.86206378,Scottsdale
Mitsubishi,Diamante,49,1.042553191,21983.23404,$147200,$129152,-12,-3.620068207,Greenville
Mitsubishi,Montero,6,1,16083.5,$16500,$14475,-12,,Middletown
Chevrolet,Corvette,36,1,32764.19444,$168502,$147439,-13,3.101311851,Greenville
Jaguar,S-Type,24,1,26266.125,$103000,$90055,-13,38.54615385,Janesville
Chevrolet,Metro,43,1.023809524,21809.7381,$131000,$114501,-13,0.880160702,Scottsdale
Nissan,Maxima,18,1,28133.72222,$87001,$75961,-13,-65.78364159,Middletown
Pontiac,Grand Prix,13,1,41154.15385,$80002,$69783,-13,-44.61666667,Middletown
Chevrolet,Metro,34,1.03030303,21660.75758,$107001,$93235,-13,-17.67328918,Aurora
Jeep,Wrangler,28,1,20230.46429,$89002,$77244,-13,-15.3490411,Austin
Toyota,4Runner,13,1,28446.46154,$61000,$52829,-13,-30.94248366,Scottsdale
Hyundai,Sonata,25,1.041666667,18500.16667,$67000,$57914,-14,-56.61970143,Middletown
Ford,Mustang,24,1.043478261,33639.43478,$112000,$96713,-14,-67.60098624,Middletown
Chrysler,Sebring Coupe,36,1.058823529,27738.47059,$136600,$117889,-14,280.2870968,Scottsdale
Audi,A8,6,1,33722.16667,$44000,$37937,-14,-71.26028394,Greenville
Toyota,Sienna,33,1,20497.18182,$107002,$92237,-14,-18.37433628,Janesville
Pontiac,Grand Prix,24,1,39579.45833,$157801,$135701,-14,,Pasco
Buick,Park Avenue,28,1,42116.32143,$187003,$160808,-14,22.66056445,Aurora
Buick,Century,4,1,17000.5,$17001,$14572,-14,-71.42745098,Greenville
Mitsubishi,Montero,6,1,16000,$16000,$13714,-14,,Pasco
Mercedes-B,E-Class,20,1.052631579,29289.63158,$93001,$79500,-15,-57.25806452,Janesville
Pontiac,Grand Prix,23,1,37195.86957,$130801,$111588,-15,-12.27427457,Aurora
Volvo,C70,27,1,29457.55556,$140000,$119303,-15,16.67775061,Aurora
Plymouth,Breeze,14,1.076923077,30615.46154,$61000,$51913,-15,-21.34393939,Greenville
Lincoln,Town car,21,1,21866.7619,$70401,$59896,-15,,Austin
Acura,RL,46,1.022222222,23358,$154602,$131389,-15,-27.00732766,Pasco
Nissan,Altima,12,1,20333.58333,$41100,$34858,-15,-71.66154497,Austin
Volkswagen,Beetle,14,1,39964.64286,$90001,$76296,-15,-43.79668508,Pasco
Mercedes-B,SL-Class,26,1.04,24624.24,$104101,$87944,-16,-56.7211114,Middletown
Volkswagen,GTI,32,1,24498.5,$126600,$106903,-16,37.05512821,Austin
Dodge,Caravan,10,1,21630,$42700,$36050,-16,-36.75438596,Scottsdale
Dodge,Viper,32,1.032258065,31900.32258,$146503,$123614,-16,-47.00409857,Middletown
Saturn,SC,17,1,42070.76471,$106001,$89400,-16,-51.14754098,Middletown
Ford,Mustang,27,1,30015.18519,$125501,$105706,-16,-45.79207286,Pasco
Oldsmobile,Silhouette,54,1.018867925,31236.11321,$246003,$206939,-16,34.11384242,Aurora
Chevrolet,Metro,39,1.026315789,22255.47368,$131502,$110310,-16,18.61290323,Pasco
Mercury,Mystique,9,1,18000.11111,$29000,$24300,-16,-36.05431436,Greenville
Ford,Expedition,38,1,21198.81579,$137501,$115079,-16,-54.27966405,Austin
Oldsmobile,Bravada,35,1,22272.02857,$121501,$101677,-16,-12.64862543,Austin
Volvo,S70,36,1.090909091,27688.09091,$136500,$114213,-16,-48.82998884,Austin
Oldsmobile,Cutlass,27,1.038461538,35454.03846,$143703,$120235,-16,-28.43239961,Aurora
Cadillac,Escalade,30,1.071428571,33518.07143,$140502,$117313,-17,27.51413043,Scottsdale
Chevrolet,Cavalier,30,1.034482759,20267.51724,$100601,$83965,-17,-62.17843903,Scottsdale
Toyota,RAV4,22,1,39363.81818,$156000,$129901,-17,4.970505051,Greenville
Jeep,Wrangler,25,1,20244.4,$87003,$72301,-17,85.38717949,Scottsdale
Saturn,SL,6,1,17100.16667,$20600,$17100,-17,-71.5,Pasco
Nissan,Altima,11,1,20363.90909,$40501,$33600,-17,-46.66666667,Greenville
Toyota,4Runner,4,1,27625.5,$25001,$20719,-17,,Middletown
Saturn,LW,22,1,25936.5,$94101,$77810,-17,-3.938271605,Middletown
Jaguar,S-Type,15,1.153846154,29192.84615,$60001,$49501,-17,-75.00025252,Greenville
Volkswagen,Cabrio,24,1,17979.5,$65501,$53939,-18,-19.49523141,Middletown
Ford,Crown Victoria,25,1.041666667,24162.75,$88100,$72488,-18,45.55823293,Greenville
Jeep,Cherokee,11,1,24045.72727,$42001,$34500,-18,-17.85714286,Aurora
Lincoln,Continental,33,1.03125,42637.71875,$226601,$186056,-18,31.02535211,Pasco
Ford,Taurus,32,1.103448276,42062.27586,$193801,$159105,-18,20.53317778,Janesville
Mercury,Sable,29,1,43172.75862,$191002,$156501,-18,5.743918919,Austin
Dodge,Ram Pickup,51,1.02,28203.2,$224752,$183934,-18,-14.8457646,Greenville
Ford,Escort,13,1,12538.92308,$26000,$21262,-18,-35.57555374,Austin
Audi,A8,4,1,36375.5,$44501,$36376,-18,-6.728205128,Aurora
Subaru,Forester,43,1.023809524,22911.02381,$147201,$120283,-18,-22.74744542,Aurora
Jaguar,S-Type,35,1.029411765,26098.73529,$136000,$110920,-18,-36.01532125,Scottsdale
Dodge,Intrepid,9,1,19900.33333,$33002,$26865,-19,-78.67907907,Greenville
Lexus,ES300,12,1,27575.41667,$61001,$49636,-19,-81.24133135,Aurora
Honda,Odyssey,9,1,36111.44444,$54500,$44319,-19,,Middletown
Chevrolet,Impala,11,1,19455,$36002,$29183,-19,-69.60167497,Austin
Chevrolet,Camaro,14,1,26864.57143,$58000,$47013,-19,,Pasco
Toyota,Tacoma,18,1,39011.55556,$108302,$87776,-19,-18.72818348,Aurora
Plymouth,Neon,28,1,24919.21429,$112601,$91009,-19,-23.68346024,Pasco
Honda,Passport,15,1,22253.53333,$62000,$50070,-19,-38.18518519,Middletown
Buick,Regal,26,1,31532.92308,$127001,$102482,-19,-19.3061472,Janesville
Mercedes-B,S-Class,30,1,33545.2,$156101,$125795,-19,-50.66901436,Greenville
Buick,Century,4,1,17125.25,$17001,$13700,-19,,Aurora
Volvo,S40,41,1,26660.70732,$169702,$136636,-19,-32.02222875,Greenville
Toyota,Sienna,18,1,22055.83333,$70502,$56715,-20,-4.278481013,Middletown
Ford,Windstar,17,1,24612.05882,$67900,$54575,-20,-63.61739432,Middletown
Lexus,LS400,64,1.032258065,43644.62903,$439304,$352952,-20,-36.97330733,Austin
Dodge,Ram Pickup,58,1,27207.24138,$267905,$215185,-20,19.81147308,Janesville
Volvo,C70,31,1.068965517,32958.96552,$155651,$124671,-20,-47.64010684,Middletown
Oldsmobile,Silhouette,81,1.051948052,30182.75325,$365102,$290509,-20,-6.015470571,Janesville
Lexus,GS300,5,1,17120.2,$17000,$13516,-20,,Middletown
Mercedes-B,S-Class,27,1,27037.37037,$120000,$95219,-21,-52.03145544,Pasco
Oldsmobile,Silhouette,52,1.019607843,32047.31373,$257503,$204302,-21,-43.94284037,Middletown
Mercedes-B,E-Class,14,1,24178.71429,$61001,$48357,-21,,Middletown
Acura,RL,63,1.016129032,23628.32258,$231001,$183120,-21,-25.42516453,Scottsdale
Oldsmobile,Silhouette,61,1.051724138,32532.89655,$297600,$235864,-21,-28.13450253,Austin
Mitsubishi,Montero Sport,45,1.022727273,37725.15909,$261802,$207488,-21,13.07186337,Pasco
Hyundai,Elantra,13,1.083333333,25583.41667,$48500,$38375,-21,,Middletown
Dodge,Ram Wagon,16,1,21719,$66001,$52126,-21,-9.741653969,Greenville
Saturn,SL,7,1,16500.14286,$22001,$17325,-21,-71.125,Austin
Volkswagen,GTI,17,1,24294.35294,$75000,$59001,-21,-12.59370093,Aurora
Nissan,Quest,15,1,25350,$63250,$49598,-22,11.45617978,Janesville
Chrysler,300M,39,1.054054054,22489.40541,$138501,$108536,-22,39.14871795,Scottsdale
Mercury,Villager,18,1.058823529,18853.11765,$56000,$43705,-22,-2.882094129,Greenville
Porsche,Carrera Cabrio,10,1,23970.6,$102502,$79902,-22,,Scottsdale
Lincoln,Town car,19,1,22642.36842,$69002,$53776,-22,-45.68080808,Aurora
Plymouth,Voyager,32,1,30164.34375,$155000,$120657,-22,-23.39286735,Middletown
Oldsmobile,Bravada,34,1.03030303,24542.57576,$136001,$105640,-22,-14.60190941,Scottsdale
Ford,Focus,21,1,34012.19048,$115000,$89282,-22,-74.00860538,Aurora
Lexus,LS400,61,1.033898305,44123.62712,$419581,$325412,-22,-7.025408499,Scottsdale
Volkswagen,Jetta,60,1.071428571,34189.44643,$322402,$249732,-23,-47.59045626,Austin
Jeep,Wrangler,22,1,17626.68182,$65501,$50581,-23,-14.99134468,Aurora
Chevrolet,Malibu,44,1.023255814,38113.06977,$289802,$223481,-23,13.44213198,Janesville
Audi,A6,56,1.018181818,25009.25455,$223003,$171939,-23,-11.14355407,Austin
Dodge,Dakota,13,1,17623.23077,$42501,$32729,-23,-9.086111111,Middletown
Honda,Passport,16,1,23637.75,$67001,$51573,-23,-12.95696203,Pasco
Ford,Escort,18,1,13394.61111,$41000,$31448,-23,-32.37425542,Scottsdale
Porsche,Carrera Coupe,19,1.055555556,22861.55556,$70001,$53675,-23,-53.52813853,Pasco
Lexus,LS400,42,1.024390244,40495.36585,$296002,$226406,-24,-13.91406844,Aurora
Pontiac,Grand Am,17,1,21676.64706,$69000,$52643,-24,-27.48898072,Aurora
Oldsmobile,Bravada,29,1,24114,$125001,$95360,-24,-39.33842239,Greenville
Audi,A6,39,1.026315789,24651.47368,$153501,$117095,-24,-63.69181062,Pasco
Honda,Accord,37,1.088235294,25473.91176,$148102,$112971,-24,4.117858492,Austin
Jaguar,S-Type,21,1.05,27060.15,$106501,$81180,-24,-23.0521327,Middletown
Dodge,Durango,41,1,22601.21951,$152252,$115831,-24,105.9217778,Scottsdale
BMW,328i,36,1,26051.61111,$154101,$117232,-24,-18.59058492,Scottsdale
Chrysler,Concorde,38,1,29755.5,$185883,$141339,-24,-31.05414634,Janesville
Mitsubishi,Diamante,58,1.035714286,22506.5,$216301,$164395,-24,-59.78890982,Pasco
Volvo,C70,39,1.054054054,33590.81081,$204501,$155358,-24,23.29804289,Scottsdale
Honda,Accord,45,1.022727273,28438.34091,$206001,$156411,-24,38.10881927,Janesville
Subaru,Outback,17,1,39088.47059,$125301,$94929,-24,-76.20862844,Aurora
Pontiac,Sunfire,40,1.025641026,33254.05128,$214202,$162114,-24,-46.1418861,Pasco
Honda,CR-V,25,1,23910.2,$108001,$81512,-25,-48.73459119,Austin
Buick,LeSabre,7,1,20100,$40000,$30150,-25,-49.75,Scottsdale
Volkswagen,Passat,55,1.037735849,20815.33962,$191003,$143897,-25,-37.46354862,Greenville
Volvo,S40,47,1,29208.7234,$228001,$171601,-25,-28.35091147,Middletown
Oldsmobile,Cutlass,27,1,36784.62963,$189002,$141884,-25,15.35284553,Pasco
Mitsubishi,Eclipse,15,1,23713.53333,$79000,$59284,-25,64.66405577,Janesville
Dodge,Ram Pickup,40,1,27833.9,$185500,$139170,-25,-27.515625,Scottsdale
Buick,Century,4,1,17000.5,$17000,$12750,-25,,Scottsdale
Mitsubishi,3000GT,36,1,22159.83333,$133001,$99719,-25,-34.1797468,Greenville
Subaru,Outback,25,1.041666667,36862.79167,$147501,$110588,-25,7.625081506,Middletown
Saturn,LS,20,1.052631579,39763.47368,$126001,$94438,-25,-54.5979885,Greenville
Dodge,Ram Wagon,16,1,21625.125,$66000,$49429,-25,-45.07888889,Scottsdale
Oldsmobile,Alero,3,1,17033.66667,$17101,$12775,-25,-74.95098039,Middletown
Nissan,Pathfinder,41,1,31466.7561,$216002,$161267,-25,-2.851790049,Pasco
Cadillac,Escalade,22,1.047619048,33071.61905,$116501,$86813,-25,-37.09202899,Austin
Chevrolet,Prizm,96,1.054945055,25046.35165,$382404,$284902,-25,-9.41199289,Austin
Jeep,Wrangler,30,1,20843.53333,$109550,$81562,-26,-38.21154225,Pasco
Chrysler,Town & Country,6,1,29500.16667,$34001,$25286,-26,-79.93174603,Greenville
BMW,328i,32,1.032258065,26435.83871,$174003,$129396,-26,-47.71984404,Middletown
Volkswagen,Beetle,32,1,37531.5,$202001,$150126,-26,-34.58704603,Austin
Mercedes-B,SLK230,16,1.066666667,37867.13333,$104501,$77456,-26,-3.903128955,Greenville
Oldsmobile,Cutlass,27,1.038461538,39954.19231,$210502,$155821,-26,85.50119048,Middletown
Volkswagen,Golf,15,1,25506.93333,$70500,$52173,-26,-50.31142857,Pasco
Volkswagen,Beetle,13,1,35808,$90001,$66501,-26,-66.41414524,Aurora
Audi,A6,42,1,23795.30952,$177000,$130357,-26,3.048197247,Middletown
Saab,Aero,22,1,40145.68182,$156502,$115201,-26,11.30316322,Greenville
Cadillac,Escalade,24,1,31623.20833,$134601,$98994,-26,-50.19219932,Janesville
Porsche,Carrera Coupe,26,1,21138.65385,$102002,$74946,-27,-34.25904809,Greenville
Chevrolet,Cavalier,21,1,19962.09524,$74501,$54679,-27,-54.82940933,Austin
Ford,Expedition,24,1.043478261,20528.43478,$84001,$61585,-27,-42.44446314,Middletown
Mercury,Grand Marquis,45,1.071428571,35550.11905,$266701,$194753,-27,67.52658019,Scottsdale
Chevrolet,Prizm,81,1.025316456,22964.26582,$311004,$226772,-27,-21.77038775,Janesville
Cadillac,Catera,17,1,61247.41176,$178502,$130151,-27,,Scottsdale
Toyota,Celica,28,1.037037037,25592.88889,$118502,$86376,-27,-21.1185286,Pasco
Chrysler,LHS,59,1,28146.74576,$285253,$207582,-27,135.6155365,Janesville
Dodge,Viper,39,1.026315789,31271.21053,$223000,$162042,-27,-44.742711,Austin
Oldsmobile,Intrigue,25,1,38084.36,$164103,$119014,-27,-65.2005848,Pasco
Volvo,S70,24,1,24704.58333,$116800,$84701,-27,-36.55450855,Greenville
Toyota,Camry,22,1,31595.68182,$120102,$86888,-28,-12.23522995,Austin
Volkswagen,Cabrio,20,1,18662.7,$64752,$46657,-28,-8.515686275,Janesville
Acura,RL,48,1.043478261,25206.80435,$210001,$151241,-28,-47.75930199,Middletown
Dodge,Caravan,19,1,26376.57895,$99500,$71594,-28,-0.563888889,Middletown
Plymouth,Breeze,12,1.090909091,29236.72727,$61001,$43855,-28,-62.54910333,Aurora
Mercedes-B,C-Class,23,1,14374.26087,$69000,$49591,-28,-20.72162806,Aurora
Volkswagen,GTI,25,1,24604.16,$107000,$76888,-28,53.77292454,Scottsdale
Nissan,Frontier,34,1,29617.85294,$191200,$137319,-28,-29.30883595,Austin
Mercury,Mountaineer,10,1,21060.2,$42000,$30086,-28,-52.24671841,Pasco
Honda,Odyssey,8,1,33812.75,$54001,$38643,-28,-76.14673802,Scottsdale
Porsche,Carrera Cabrio,12,1,25000.25,$52500,$37500,-29,,Pasco
Mercury,Sable,26,1.083333333,45854.29167,$201000,$143544,-29,22.68717949,Scottsdale
Mitsubishi,Diamante,66,1.1,22350.28333,$235004,$167627,-29,-17.91198997,Janesville
Jaguar,S-Type,23,1,23026.3913,$97002,$69079,-29,-33.25764968,Pasco
Volvo,S40,32,1,28489.28125,$160251,$113957,-29,-72.94487456,Aurora
Mercedes-B,M-Class,25,1.041666667,34556.45833,$159053,$113094,-29,49.00395257,Austin
Chevrolet,Lumina,24,1,23440.66667,$107971,$76715,-29,,Janesville
Lincoln,Town car,21,1,23121.66667,$102552,$72833,-29,45.66308674,Pasco
Mercury,Mountaineer,17,1,21064.76471,$63100,$44763,-29,-64.68458091,Aurora
Chevrolet,Camaro,15,1,29717,$82001,$58142,-29,-53.1592643,Janesville
Audi,A4,8,1,17762.75,$40101,$28420,-29,-40.79166667,Scottsdale
Nissan,Pathfinder,20,1.111111111,37906,$121001,$85289,-30,-1.401139871,Middletown
Mercury,Grand Marquis,34,1,24540.05882,$148001,$104295,-30,-15.72257418,Pasco
Chrysler,300M,41,1,21367.34146,$156252,$109508,-30,-13.77390729,Aurora
Volvo,V70,8,1,39100.375,$78801,$55201,-30,,Austin
Acura,TL,32,1.032258065,24010.03226,$168002,$117523,-30,-39.88685596,Pasco
Mitsubishi,Diamante,64,1.049180328,24936.2623,$273001,$190139,-30,-11.85188963,Aurora
Honda,Odyssey,12,1,36041.91667,$81001,$56413,-30,-30.35432099,Pasco
Mercury,Grand Marquis,30,1,28183.63333,$152101,$105689,-31,123.4392508,Middletown
BMW,528i,39,1,30615.66667,$215002,$149251,-31,-26.22366561,Pasco
Jeep,Grand Cherokee,16,1,20356.4375,$74100,$51427,-31,-34.06963924,Middletown
Honda,CR-V,20,1,21785.2,$78502,$54463,-31,-15.56124031,Aurora
Volkswagen,Jetta,50,1.063829787,31940.55319,$270900,$187651,-31,-61.56291543,Middletown
Saturn,LW,21,1,23771.7619,$103001,$71315,-31,5.650286662,Aurora
Volvo,V40,3,1,18000.33333,$18000,$12462,-31,-76.92222222,Janesville
Audi,A8,6,1,28783.5,$44100,$30477,-31,-25.30696272,Scottsdale
Plymouth,Breeze,15,1.071428571,27253.78571,$83002,$57233,-31,-61.86424302,Janesville
Porsche,Boxter,11,1,22055,$48001,$33083,-31,-71.20763781,Middletown
Chevrolet,Corvette,30,1,31583.6,$196504,$135358,-31,-55.25370164,Aurora
Cadillac,Catera,14,1,55039.42857,$160200,$110079,-31,-51.4006437,Pasco
Chrysler,LHS,55,1,28273.83636,$295704,$202834,-31,-23.16952144,Austin
Mercedes-B,M-Class,18,1,28444.61111,$107000,$73143,-32,22.92734576,Greenville
Hyundai,Sonata,35,1,18871.74286,$121002,$82564,-32,-44.66368194,Scottsdale
Ford,Expedition,33,1,23721.42424,$164102,$111830,-32,-7.960362792,Janesville
Chrysler,LHS,41,1.025,26427.7,$202503,$137884,-32,-36.2981169,Middletown
Hyundai,Elantra,8,1,23075.375,$48000,$32577,-32,-50.64090909,Greenville
Toyota,Celica,32,1.032258065,27361.51613,$163101,$110636,-32,5.365612084,Scottsdale
Pontiac,Bonneville,25,1,24110.32,$127002,$86108,-32,-2.705023615,Greenville
Ford,Mustang,22,1,31295.68182,$160500,$108711,-32,-58.74392322,Aurora
Volkswagen,Cabrio,26,1,18142.61538,$91002,$61527,-32,-17.13870147,Scottsdale
Pontiac,Grand Am,30,1.034482759,20010.55172,$107502,$72538,-33,-41.73748213,Austin
Mercedes-B,CL500,23,1,23982.73913,$102202,$68950,-33,-33.05825243,Middletown
Nissan,Frontier,30,1.034482759,30451.96552,$179001,$120424,-33,-60.35489128,Scottsdale
Ford,Escort,10,1,12856.4,$26060,$17531,-33,-78.75107572,Middletown
Toyota,RAV4,28,1.037037037,32711.48148,$179401,$120438,-33,-62.31637375,Scottsdale
Toyota,4Runner,8,1,29012.75,$61102,$40959,-33,,Greenville
Toyota,4Runner,4,1,35125,$35000,$23417,-33,-77.69809524,Pasco
Dodge,Ram Van,30,1,34016.93333,$199501,$133110,-33,-26.66236922,Janesville
Honda,Accord,28,1,27057.39286,$142001,$94701,-33,50.31188991,Greenville
Toyota,Tacoma,42,1.024390244,47591.56098,$367002,$243907,-34,-28.83822028,Austin
Lexus,LS400,42,1,42103.95238,$333204,$221046,-34,2.336111111,Pasco
Chrysler,300M,35,1,21055.97143,$139002,$92120,-34,2.354418284,Greenville
Nissan,Pathfinder,34,1,35932.76471,$240505,$159354,-34,0.537532649,Greenville
Cadillac,Escalade,21,1,32380.19048,$134000,$88694,-34,-26.08833333,Aurora
Mercury,Cougar,24,1,28375.20833,$147001,$97286,-34,-54.83472609,Austin
Dodge,Viper,39,1,29390,$247504,$163744,-34,-53.34955356,Janesville
Lincoln,Town car,27,1,21200.22222,$113003,$74662,-34,9.797058824,Middletown
Volkswagen,Passat,56,1,20009.08929,$212803,$140064,-34,-58.86556066,Austin
Chrysler,300M,29,1,21486.44828,$118501,$77888,-34,-18.8675118,Pasco
Ford,Explorer,32,1,30947.125,$205502,$135042,-34,-56.38192383,Austin
Ford,Taurus,21,1,49557.28571,$198500,$130088,-34,-64.66939343,Aurora
Saturn,SC,21,1,43057.38095,$188202,$123301,-34,-56.27624113,Greenville
Chevrolet,Impala,10,1,19340.2,$36900,$24175,-34,-61.62820228,Janesville
Dodge,Ram Van,19,1,35584.57895,$135002,$88188,-35,-51.00666667,Greenville
Audi,A6,44,1.023255814,20833.95349,$187501,$122163,-35,-30.00338057,Janesville
Pontiac,Sunfire,28,1,34646,$203082,$132285,-35,-73.35665646,Middletown
Lexus,LX470,21,1,35928.80952,$145001,$94313,-35,69.92720983,Janesville
Mitsubishi,Montero,13,1,16008,$48000,$31216,-35,-34.96666667,Austin
Nissan,Altima,10,1,20410.2,$41000,$26622,-35,-56.81891909,Pasco
Cadillac,DeVille,9,1.125,54162.75,$91001,$59087,-35,-10.47424242,Janesville
Pontiac,Grand Am,27,1.038461538,20592.57692,$107601,$69836,-35,12.63507629,Scottsdale
Mercedes-B,M-Class,21,1,31433.57143,$132801,$86101,-35,-54.37221454,Pasco
Ford,Windstar,22,1,23557.09091,$100002,$64782,-35,-44.77332015,Austin
Buick,Regal,29,1,30169.2069,$176502,$114118,-35,100.1964809,Austin
Oldsmobile,Bravada,28,1,22460.89286,$121600,$78613,-35,-8.590597784,Middletown
Mercury,Sable,18,1,44713.61111,$178341,$114978,-36,-23.348,Greenville
Mitsubishi,Montero,9,1,16028,$32001,$20607,-36,,Aurora
Chrysler,LHS,42,1,29164.59524,$259604,$167034,-36,-35.85533137,Pasco
BMW,328i,31,1.033333333,28813.5,$168000,$108051,-36,-22.95938739,Janesville
Nissan,Sentra,9,1,16000.22222,$32000,$20572,-36,-35.71450892,Pasco
Infiniti,I30,21,1,32776.33333,$146701,$93860,-36,36.82215743,Aurora
Dodge,Ram Wagon,14,1.076923077,23807.84615,$66001,$42205,-36,,Pasco
Dodge,Intrepid,15,1,15033.53333,$53001,$33825,-36,-65.03948239,Aurora
Buick,Regal,27,1,32800.37037,$181002,$115514,-36,17.56910801,Scottsdale
Chevrolet,Cavalier,22,1,20695.68182,$102002,$65044,-36,-42.02955384,Aurora
Dodge,Caravan,29,1,25172.65517,$156202,$99546,-36,-29.02245989,Austin
Chevrolet,Malibu,30,1,39246.96667,$241003,$153575,-36,-47.04365127,Middletown
Dodge,Durango,47,1,21139.70213,$195004,$124196,-36,-27.37203441,Austin
Honda,Civic,14,1,35928.71429,$113001,$71857,-36,-65.03309002,Janesville
Oldsmobile,Intrigue,22,1,36732,$190651,$121216,-36,-19.19094951,Austin
Chrysler,Sebring Coupe,44,1.023255814,27708.02326,$244503,$155406,-36,-39.83554134,Austin
Mitsubishi,3000GT,54,1.018867925,23490.88679,$245002,$155627,-36,26.31856626,Austin
Volkswagen,Jetta,59,1.053571429,35387.76786,$390503,$247714,-37,92.77054054,Scottsdale
Mitsubishi,Diamante,59,1.017241379,25489.06897,$291502,$184796,-37,-40.16777991,Austin
Toyota,Celica,23,1,26082.91304,$129101,$81806,-37,-2.615382784,Greenville
Volvo,S70,12,1,23583.58333,$67001,$42450,-37,-70.52144747,Scottsdale
Porsche,Boxter,12,1,24666.91667,$74001,$46737,-37,-40.08076923,Austin
Porsche,Carrera Coupe,40,1.025641026,21687.46154,$176001,$110323,-37,57.59978286,Austin
Volvo,S40,50,1.020408163,27249.20408,$266503,$166901,-37,8.025138833,Janesville
Saturn,SW,12,1,28750.25,$72002,$45000,-38,-70,Austin
Dodge,Intrepid,8,1,18563.125,$31001,$19370,-38,-69.25494429,Pasco
Chevrolet,Camaro,13,1,27984.84615,$72800,$45475,-38,-36.84027778,Middletown
Hyundai,Sonata,23,1,18000.17391,$83001,$51751,-38,-58.92777778,Aurora
Ford,Windstar,17,1,23761.94118,$81000,$50494,-38,-63.8424633,Aurora
Honda,Passport,14,1,23964.35714,$81000,$50325,-38,-23.75,Greenville
Mitsubishi,Montero Sport,36,1,38192,$277502,$171864,-38,15.73099533,Greenville
Jeep,Grand Cherokee,19,1,18113.36842,$72500,$44890,-38,-50.94310756,Janesville
Ford,Mustang,20,1,28185.1,$130102,$80529,-38,73.18064516,Greenville
Chevrolet,Metro,33,1,20539.63636,$143202,$88410,-38,-21.4147304,Janesville
Chevrolet,Prizm,49,1.020833333,22140.97917,$225003,$138622,-38,15.03709482,Middletown
Chevrolet,Monte Carlo,17,1,24753.11765,$89100,$54887,-38,-29.63205128,Middletown
Saturn,LW,23,1,19261.04348,$94001,$57783,-39,-55.20697674,Janesville
Mercedes-B,SL-Class,23,1,29354.6087,$157002,$96451,-39,23.65037242,Janesville
Dodge,Stratus,16,1,30337.75,$99001,$60676,-39,-25.82486767,Middletown
Pontiac,Bonneville,28,1.037037037,21252.03704,$140501,$86071,-39,40.98443898,Pasco
Mercury,Villager,25,1.041666667,20516.875,$100501,$61551,-39,-39.95082975,Middletown
Dodge,Ram Pickup,59,1.053571429,30131.53571,$360004,$220091,-39,6.323127313,Middletown
Dodge,Dakota,7,1,17257.28571,$33000,$20134,-39,-47.15485564,Greenville
Nissan,Altima,16,1.066666667,21633.66667,$80002,$48676,-39,-40.64047218,Scottsdale
Oldsmobile,Cutlass,24,1,34904.375,$188100,$114233,-39,-48.57890093,Greenville
Dodge,Durango,41,1,21319.80488,$180001,$109264,-39,-12.52091623,Greenville
Pontiac,Grand Am,23,1,20063.17391,$95201,$57682,-39,1.196491228,Janesville
Ford,Focus,28,1.037037037,34898.44444,$195002,$117782,-40,63.57929531,Janesville
Dodge,Stratus,9,1,31000.33333,$99000,$59786,-40,-67.85785328,Janesville
Chevrolet,Metro,27,1.125,22804.45833,$113502,$68413,-40,52.02213235,Greenville
Cadillac,Eldorado,28,1,51946.64286,$315001,$189718,-40,-36.65530332,Greenville
Ford,Taurus,26,1,38031.03846,$205301,$123601,-40,-63.2139881,Austin
Toyota,Tacoma,27,1,47263.07407,$265001,$159513,-40,27.6104,Pasco
Volvo,S40,34,1,27576.61765,$222901,$133944,-40,10.24016066,Scottsdale
Chrysler,Sebring Coupe,34,1.0625,28165.8125,$187501,$112663,-40,-56.0771456,Pasco
Chrysler,300M,27,1,21889.14815,$128500,$77088,-40,-46.46741017,Middletown
Pontiac,Grand Am,26,1,22279.07692,$126003,$75555,-40,17.1377188,Middletown
Buick,Park Avenue,32,1,36862.6875,$258002,$153862,-40,-14.75883924,Austin
BMW,528i,42,1.024390244,30719.78049,$264302,$157439,-40,-18.63701667,Middletown
Volvo,S80,12,1,23454.25,$67601,$40207,-41,,Janesville
Ford,Contour,20,1,38410.15,$162000,$96025,-41,-60.60545144,Janesville
Mercedes-B,CL500,26,1,25557.96154,$146502,$86675,-41,-9.240837696,Janesville
Saturn,SC,32,1,40930.0625,$277004,$163720,-41,-38.5901081,Austin
Dodge,Ram Pickup,50,1.020408163,30582.89796,$347054,$204349,-41,20.91442164,Aurora
Volkswagen,Cabrio,23,1,18243.65217,$89101,$52451,-41,-14.71382114,Austin
Cadillac,DeVille,15,1.153846154,58038.76923,$160501,$94313,-41,-28.55238139,Austin
Volvo,S70,18,1,24557.38889,$94331,$55254,-41,-16.28181818,Pasco
Dodge,Avenger,23,1,27678.43478,$155301,$90943,-41,-56.06618357,Austin
Ford,Contour,21,1,45733.52381,$205301,$120051,-42,-35.45749262,Aurora
Dodge,Viper,33,1.064516129,34177.77419,$226502,$132439,-42,-43.88225524,Pasco
Mercedes-B,CL500,19,1,25026.42105,$102000,$59438,-42,-54.97121212,Greenville
Mercury,Cougar,14,1,27807.35714,$87302,$50779,-42,-23.6406015,Greenville
Acura,RL,50,1.020408163,23785.93878,$250501,$145689,-42,-8.660652151,Austin
Hyundai,Sonata,23,1,17222,$93002,$54014,-42,-24.98263937,Austin
BMW,323i,36,1,16603.08333,$134306,$77962,-42,-19.6276327,Scottsdale
Porsche,Carrera Cabrio,16,1,28168.9375,$106000,$61460,-42,,Aurora
Chevrolet,Camaro,18,1.058823529,30629.64706,$117200,$67918,-42,-44.78211382,Greenville
Nissan,Altima,7,1,20357.57143,$41001,$23751,-42,,Janesville
Mercury,Sable,19,1,39594.94737,$169500,$98127,-42,-16.13076923,Pasco
Honda,Passport,6,1,22333.5,$53501,$30923,-42,-20.71025641,Scottsdale
Mitsubishi,Galant,13,1,38854.15385,$114001,$65883,-42,-47.71190476,Scottsdale
Ford,Focus,37,1,31593.45946,$263852,$152473,-42,-32.1678975,Austin
Chevrolet,Camaro,15,1,32900.4,$106902,$61688,-42,,Aurora
Volvo,V40,5,1,18000.4,$36000,$20770,-42,-61.53703704,Middletown
Mercedes-B,C-Class,19,1,14816.05263,$61002,$35188,-42,-67.64381345,Scottsdale
Chrysler,LHS,38,1,26501.47368,$227751,$131355,-42,16.76,Aurora
Mercedes-B,SLK,26,1.04,32798.48,$194002,$111813,-42,5.483962264,Janesville
Volkswagen,Golf,24,1.043478261,23878.52174,$124401,$71636,-42,19.39134348,Austin
Chevrolet,Cavalier,23,1,20917.65217,$109000,$62753,-42,-45.90305256,Greenville
Dodge,Caravan,20,1.052631579,27114.89474,$122682,$70252,-43,,Janesville
Volvo,S80,12,1,22375.33333,$67001,$38358,-43,-39.11428571,Middletown
Nissan,Xterra,14,1,18214.57143,$61000,$34773,-43,-33.76571429,Austin
Ford,Mustang,32,1,25797.1875,$189002,$107675,-43,-59.44490269,Janesville
Dodge,Stratus,14,1,30221.64286,$93001,$52888,-43,-30.18270145,Austin
Dodge,Intrepid,10,1,19020.4,$42001,$23776,-43,-63.97903221,Austin
Subaru,Outback,26,1,39969.53846,$250503,$141710,-43,-34.66664823,Scottsdale
Ford,Crown Victoria,21,1,22645.38095,$109800,$62029,-44,-48.31002817,Aurora
Volkswagen,GTI,23,1.045454545,25163.86364,$140004,$79086,-44,58.172,Greenville
Lexus,GS400,26,1,24119.42308,$139000,$78388,-44,-50.23078925,Janesville
Lincoln,Navigator,23,1,23024.13043,$117501,$66194,-44,-26.45111111,Pasco
Hyundai,Sonata,18,1,17566.77778,$84501,$47430,-44,-48.66883117,Pasco
Chevrolet,Metro,39,1,19515.64103,$169502,$95139,-44,-36.99445699,Middletown
BMW,528i,51,1,26809.05882,$348651,$195323,-44,-38.2875468,Austin
Dodge,Dakota,10,1,17450.2,$42500,$23796,-44,-62.23036998,Austin
Mercedes-B,CL500,24,1,24737.70833,$138401,$77440,-44,-29.85507246,Scottsdale
Infiniti,I30,54,1.038461538,29094.42308,$353002,$197336,-44,45.0989331,Austin
Chevrolet,Lumina,18,1.058823529,28853.17647,$120002,$66887,-44,-46.91507937,Aurora
Saab,Aero,27,1,40589.07407,$295101,$164386,-44,204.4185185,Pasco
Cadillac,Seville,23,1.045454545,37420.72727,$193003,$107381,-44,83.55726496,Austin
Lincoln,Continental,25,1,43400.2,$266002,$147955,-44,-31.97471264,Middletown
Honda,Accord,29,1.035714286,27928.85714,$211001,$117301,-44,-34.28625849,Middletown
Buick,Park Avenue,34,1,43553.23529,$333501,$185101,-44,-21.89897132,Janesville
Toyota,Celica,24,1.043478261,25952.3913,$140602,$77857,-45,-29.38268694,Austin
Pontiac,Firebird,7,1,43085.71429,$86000,$47621,-45,-63.08449612,Greenville
Cadillac,DeVille,10,1,54900.5,$229002,$126693,-45,91.95036589,Scottsdale
Buick,Park Avenue,31,1,37798.58065,$265502,$146470,-45,-58.03163888,Scottsdale
Chevrolet,Impala,11,1,18827.54545,$49000,$27013,-45,,Aurora
Lexus,ES300,28,1,27700.46429,$201004,$110802,-45,71.38216915,Austin
Cadillac,Eldorado,35,1,45310.22857,$392601,$216253,-45,-42.56274186,Pasco
Chrysler,LHS,50,1.020408163,27363.5102,$332502,$182838,-45,68.5127326,Greenville
Mercedes-B,CLK Coupe,4,1,22125.25,$22000,$12068,-45,,Scottsdale
Audi,A4,17,1,19985.64706,$93000,$50963,-45,-6.918595094,Aurora
Toyota,Sienna,21,1,20124,$100600,$55122,-45,53.11666667,Aurora
Volvo,C70,23,1,28987.3913,$166502,$90915,-45,-42.82183355,Greenville
Mercedes-B,S-Class,35,1.060606061,27532.09091,$238002,$129794,-45,147.2266667,Aurora
Mitsubishi,3000GT,40,1,22305.225,$204602,$111526,-45,18.51481887,Middletown
Mitsubishi,3000GT,53,1.081632653,24079.87755,$295203,$160897,-45,154.5798326,Janesville
Ford,Expedition,33,1.03125,24534.53125,$188003,$102405,-46,-34.35576923,Pasco
Saturn,SC,21,1.05,45312.65,$217250,$118207,-46,-60.59766667,Pasco
Saturn,LS,25,1,36772.16,$220501,$119909,-46,-71.71290399,Janesville
Nissan,Maxima,16,1,32194,$118501,$64388,-46,-58.40568475,Scottsdale
Dodge,Caravan,23,1,24944.52174,$138000,$74834,-46,-29.73465287,Aurora
Ford,Explorer,28,1.037037037,34855.7037,$248001,$134443,-46,-5.321830986,Greenville
Plymouth,Neon,25,1.041666667,25558.54167,$154500,$83646,-46,26.73060315,Greenville
Dodge,Dakota,8,1,19875.5,$42001,$22715,-46,-63.94616129,Pasco
BMW,328i,25,1.041666667,29071.04167,$176001,$95142,-46,-15.6564985,Aurora
Oldsmobile,Intrigue,19,1,40789.73684,$187001,$101088,-46,-59.88571429,Scottsdale
Dodge,Ram Van,34,1.03030303,33448.72727,$291801,$157687,-46,19.45984848,Austin
Mitsubishi,Montero Sport,55,1,37149.29091,$473703,$255401,-46,-33.31583991,Janesville
Volkswagen,Passat,69,1.029850746,19663.02985,$307006,$164678,-46,-2.674302465,Janesville
Dodge,Ram Pickup,82,1.037974684,28328.79747,$521755,$279747,-46,-42.09359514,Austin
Mercedes-B,SLK,40,1,26942.525,$262603,$140570,-46,24.18722171,Aurora
Buick,Regal,22,1,27330.72727,$141103,$75160,-47,-66.48413392,Greenville
Ford,Ranger,16,1,29781.6875,$122001,$64978,-47,17.07536801,Middletown
Mercedes-B,SLK,32,1.032258065,26720.64516,$212953,$112955,-47,61.36428571,Scottsdale
Chrysler,LHS,45,1.022727273,28457.02273,$295103,$156514,-47,101.9509426,Scottsdale
Chrysler,Sebring Coupe,19,1,25568.68421,$114500,$60726,-47,-46.7343824,Greenville
Nissan,Frontier,33,1.03125,28828.5,$217501,$115314,-47,-33.72834795,Greenville
Lexus,ES300,12,1,28979.33333,$82000,$43469,-47,-73.29142934,Middletown
Mercury,Sable,28,1,42139.67857,$278503,$147489,-47,-5.90933449,Middletown
Toyota,Avalon,3,1,18000,$18000,$9529,-47,,Scottsdale
Mitsubishi,Galant,13,1.083333333,42200.33333,$144001,$75961,-47,-79.14339687,Pasco
Saturn,LW,25,1,22692.24,$134500,$70913,-47,52.50107527,Greenville
Mitsubishi,Montero Sport,37,1.057142857,38680.4,$337303,$176584,-48,-16.70762482,Aurora
Lexus,ES300,13,1,28038.53846,$95000,$49705,-48,-51.26960784,Janesville
Subaru,Forester,38,1,22496.23684,$204351,$106857,-48,42.66050759,Janesville
Subaru,Outback,24,1,35725.70833,$308101,$160766,-48,-29.48952426,Austin
Volkswagen,Cabrio,14,1,17235.92857,$58001,$30163,-48,-37.16303487,Aurora
Chevrolet,Metro,43,1.023809524,21028.80952,$212504,$110401,-48,47.19937068,Austin
Plymouth,Prowler,17,1.0625,34656.375,$133600,$69313,-48,44.40208333,Middletown
Lexus,ES300,8,1,27450,$70600,$36600,-48,,Greenville
Oldsmobile,Bravada,21,1,22082.71429,$122501,$63237,-48,-52.6321703,Pasco
Lincoln,Navigator,16,1,23487.6875,$91002,$46975,-48,-55.89201878,Greenville
BMW,528i,45,1.046511628,36744.39535,$383001,$197501,-48,83.72015144,Aurora
Volvo,C70,37,1,31085.43243,$290952,$150021,-48,52.45571781,Janesville
Saab,Aero,28,1.037037037,37785.48148,$297402,$153031,-49,96.19358974,Scottsdale
Dodge,Dakota,12,1,18000.33333,$63002,$32401,-49,-34.54343434,Janesville
Volvo,S40,36,1.058823529,28520.67647,$258501,$132232,-49,4.946031746,Pasco
Mercedes-B,C-Class,24,1,13835.625,$81202,$41507,-49,15.28761492,Middletown
Plymouth,Prowler,15,1,45220.2,$173100,$88474,-49,96.60888889,Pasco
Chrysler,Cirrus,7,1,12229,$24002,$12229,-49,-67.38933333,Austin
Oldsmobile,Bravada,23,1,24848.08696,$154002,$77933,-49,-41.62453278,Aurora
Lincoln,Continental,39,1.026315789,46077.76316,$471952,$238767,-49,7.917288136,Austin
Ford,Contour,17,1,44323.76471,$224000,$113026,-50,-69.61715671,Greenville
Mercedes-B,SL-Class,40,1.025641026,27947.30769,$282002,$142167,-50,-43.15684675,Austin
Toyota,Celica,23,1.045454545,25700.40909,$140203,$70676,-50,-28.24990102,Aurora
Mitsubishi,Diamante,59,1.017241379,23445.15517,$337604,$169977,-50,29.25909309,Middletown
Acura,RL,61,1.016666667,24707,$368105,$185303,-50,-7.948217364,Janesville
BMW,323i,35,1,17291.74286,$172002,$86459,-50,55.77917515,Aurora
Honda,CR-V,22,1,21338.95455,$117003,$58682,-50,-74.16062315,Janesville
Mercury,Mountaineer,16,1,21050.0625,$84000,$42100,-50,-55.5907173,Greenville
Mercedes-B,CL500,16,1.066666667,26333.53333,$124502,$62369,-50,-6.56329588,Pasco
Ford,Ranger,22,1.047619048,32171.66667,$176001,$88122,-50,-18.407822,Janesville
Lincoln,Continental,28,1,42188.85714,$295002,$147661,-50,-47.57883003,Janesville
Mercury,Sable,24,1,42796.08333,$256503,$128388,-50,8.344303797,Janesville
Toyota,Sienna,25,1,21088.2,$150602,$75315,-50,-59.26761203,Scottsdale
Audi,A4,10,1,19500.4,$51002,$25435,-50,-68.5999284,Greenville
Acura,RL,52,1.019607843,24563.11765,$314506,$156590,-50,-32.99586653,Aurora
Pontiac,Bonneville,22,1,19363.95455,$112001,$55566,-50,-36.13103448,Middletown
Dodge,Avenger,15,1,22300.33333,$88001,$43631,-50,-51.52272702,Scottsdale
Subaru,Forester,28,1.037037037,24203.92593,$188501,$93358,-50,-29.27584979,Greenville
Toyota,Celica,24,1,24983.58333,$152002,$74951,-51,-44.48156324,Janesville
Dodge,Intrepid,12,1,14458.66667,$44001,$21688,-51,-82.98980392,Scottsdale
Chevrolet,Malibu,39,1.026315789,38163.34211,$384104,$189157,-51,38.57452638,Pasco
Audi,A8,3,1,33666.66667,$44000,$21643,-51,-44.50512821,Pasco
Chevrolet,Malibu,43,1.023809524,30540.57143,$326507,$160338,-51,-30.59111275,Austin
Porsche,Carrera Coupe,22,1.047619048,22059.71429,$118002,$57907,-51,-42.16529338,Janesville
Acura,RL,52,1,23123.25,$307151,$150301,-51,10.88233124,Greenville
Mitsubishi,Mirage,2,1,9250,$9500,$4625,-51,,Aurora
Jeep,Cherokee,10,1,22860.2,$64101,$31173,-51,-25.77857143,Scottsdale
Volkswagen,Golf,13,1,24985,$105502,$51285,-51,-5.027777778,Aurora
Dodge,Caravan,23,1,23087.26087,$149002,$72410,-51,14.93650794,Greenville
Volkswagen,Passat,76,1.027027027,20578.7973,$392103,$190354,-51,42.26650025,Scottsdale
Plymouth,Voyager,25,1.041666667,35958.54167,$233001,$112566,-52,18.49052632,Greenville
BMW,323i,35,1.060606061,19212.39394,$164502,$79251,-52,-27.29399461,Pasco
Toyota,RAV4,19,1,37305.42105,$192000,$92453,-52,10.06309524,Aurora
Ford,Focus,17,1,32500.41176,$164002,$78930,-52,50.34285714,Middletown
Mercedes-B,SLK,30,1.071428571,29838.03571,$217082,$104433,-52,-8.696450428,Pasco
Lincoln,Navigator,12,1,24875.25,$85001,$40705,-52,-58.88425369,Middletown
Volkswagen,Beetle,10,1,35400.2,$111001,$53100,-52,,Middletown
Pontiac,Sunfire,28,1.037037037,34863.2963,$247303,$117664,-52,-31.5910954,Aurora
Nissan,Quest,12,1,24800.41667,$89501,$42515,-52,,Aurora
Cadillac,Seville,4,1,38750.5,$44500,$21137,-53,,Scottsdale
Dodge,Ram Wagon,15,1,20833.6,$104001,$49343,-53,-50.15959274,Austin
Oldsmobile,Cutlass,32,1.032258065,34964.41935,$328192,$154842,-53,-34.24996072,Scottsdale
Mercedes-B,S-Class,39,1.083333333,29333.58333,$292003,$137740,-53,53.04444444,Austin
Mitsubishi,Montero Sport,77,1.013157895,40023.38158,$843307,$396754,-53,-27.86382719,Austin
Mercedes-B,SLK230,20,1,34950.4,$203501,$95319,-53,-73.07418518,Janesville
Jeep,Cherokee,12,1,27008.75,$86500,$40513,-53,-46.51890379,Pasco
Ford,Contour,10,1,49100.3,$143002,$66955,-53,-46.00403226,Middletown
Mercedes-B,M-Class,24,1,29962.75,$209500,$98060,-53,-4.006734996,Janesville
Mercury,Villager,28,1,19214.57143,$144003,$67251,-53,-57.70430561,Scottsdale
Hyundai,Elantra,6,1,22683.83333,$44001,$20415,-54,-69.06958775,Janesville
Saab,SportCombi,6,1,30291.83333,$56000,$25964,-54,-69.09121211,Middletown
Porsche,Carrera Coupe,18,1,21291.77778,$108000,$49989,-54,-24.25909091,Scottsdale
Ford,F-Series,22,1,19763.63636,$135000,$62114,-54,6.177777778,Austin
Toyota,Camry,29,1.035714286,32250.32143,$246502,$112876,-54,-50.38483009,Janesville
Toyota,Tacoma,22,1,44177.54545,$265501,$121488,-54,-24.30654206,Greenville
Volkswagen,Golf,12,1.090909091,29227.27273,$105500,$48225,-54,-69.08653846,Scottsdale
Pontiac,Bonneville,24,1.043478261,19845.95652,$124951,$57057,-54,-37.30137799,Scottsdale
Mercedes-B,E-Class,7,1,21971.71429,$46001,$20973,-54,-54.89677419,Greenville
Jeep,Cherokee,11,1,26100.09091,$86001,$39150,-54,,Greenville
Lexus,GS300,9,1.125,36875,$85000,$38478,-55,-24.55294118,Greenville
Oldsmobile,Silhouette,68,1.03030303,32008.5303,$583504,$264070,-55,-20.52117068,Scottsdale
Volvo,V70,3,1,39000.33333,$39001,$17550,-55,,Middletown
Saturn,SW,11,1,28045.72727,$86000,$38563,-55,,Aurora
Cadillac,Seville,12,1,34479.66667,$154002,$68959,-55,-48.63503981,Greenville
Dodge,Durango,28,1,23671.57143,$193501,$86453,-55,-3.513353646,Aurora
Nissan,Frontier,29,1,25672.55172,$209502,$93063,-56,-39.76504854,Pasco
Ford,Expedition,37,1.027777778,25755.94444,$261006,$115902,-56,-22.73303023,Scottsdale
BMW,528i,52,1,28038.73077,$430103,$190176,-56,42.7737029,Janesville
Oldsmobile,Cutlass,27,1.038461538,38888.80769,$312002,$137879,-56,-13.28528393,Austin
Mercedes-B,E-Class,16,1,26031.3125,$123000,$54326,-56,-66.61996928,Scottsdale
Pontiac,Sunfire,46,1.045454545,32729.75,$426602,$187840,-56,6.424929178,Janesville
Pontiac,Firebird,10,1,43100.5,$129002,$56218,-56,-78.33653172,Aurora
Hyundai,Sonata,17,1,18382.52941,$89800,$39063,-57,,Greenville
Mercury,Mountaineer,11,1.1,23100.5,$84003,$36474,-57,-42.1047619,Middletown
Mercury,Grand Marquis,37,1.027777778,24877.97222,$269101,$116818,-57,-15.65548263,Greenville
Saturn,SW,13,1,28507.84615,$122000,$52943,-57,-29.4112157,Janesville
Honda,Passport,26,1.083333333,25721.08333,$195000,$84178,-57,-21.91352585,Austin
Ford,Explorer,27,1,31106.51852,$243502,$104985,-57,-64.6518722,Middletown
Pontiac,Grand Prix,19,1,39673.89474,$218802,$94226,-57,7.073783252,Austin
Mercury,Mystique,7,1,14786,$38001,$16342,-57,,Middletown
Dodge,Viper,33,1,32215.30303,$309602,$132888,-57,22.19586207,Greenville
Dodge,Neon,3,1,19000.33333,$19001,$8143,-57,,Greenville
Plymouth,Voyager,25,1,33556.16,$268301,$114396,-57,-59.86105263,Aurora
Lexus,GS400,19,1.055555556,28722.44444,$152001,$64626,-57,-65.25483871,Pasco
Audi,A6,45,1.022727273,20828.72727,$281506,$119539,-58,-25.52180035,Greenville
Lexus,GS400,26,1.04,29204.36,$215001,$91264,-58,-42.05644265,Scottsdale
Volvo,C70,25,1,33072.24,$255003,$107844,-58,-31.13541886,Austin
Oldsmobile,Alero,2,1,17250,$17500,$7393,-58,-85.50392157,Janesville
Acura,TL,42,1,22234.7381,$277752,$116732,-58,-41.22255791,Middletown
Acura,TL,43,1,22772.27907,$305004,$127723,-58,122.1230935,Austin
Pontiac,Grand Prix,21,1,36209.80952,$237301,$99183,-58,-7.306473771,Janesville
Ford,Ranger,22,1,35977.40909,$237000,$98938,-58,-46.37506775,Austin
Cadillac,Escalade,20,1,31702.8,$198552,$82703,-58,-74.11486698,Middletown
Lexus,GS300,9,1,36055.77778,$102001,$42326,-59,-17.0110976,Janesville
Volkswagen,Passat,52,1.04,19492.84,$296005,$121830,-59,45.89894974,Aurora
Mercedes-B,CL500,15,1,26313.6,$125202,$51483,-59,-21.99545455,Austin
Audi,A8,4,1,28500.25,$44000,$18000,-59,-53.84615385,Middletown
Honda,Odyssey,10,1,35250.3,$108501,$44063,-59,-72.80061728,Austin
Ford,Taurus,13,1,43461.61538,$181501,$73696,-59,-34.78230088,Middletown
Honda,Accord,26,1.04,26654.16,$214100,$86916,-59,-51.30838137,Aurora
Jeep,Grand Cherokee,22,1.047619048,20183.66667,$136602,$55286,-60,-41.49753444,Scottsdale
Dodge,Ram Van,19,1,33026.52632,$194000,$78438,-60,,Pasco
Mercury,Cougar,20,1,28375.15,$212502,$85125,-60,-14.01515152,Middletown
Acura,Integra,8,1,45000,$135000,$54000,-60,-60,Austin
Volvo,V70,4,1,39000.5,$78001,$31200,-60,,Pasco
Nissan,Sentra,2,1,16650,$16800,$6660,-60,-86.54545455,Middletown
Ford,Crown Victoria,19,1,23852.94737,$156001,$61801,-60,-31.44875933,Janesville
Honda,Civic,13,1,40738.46154,$174600,$69078,-60,-7.896,Greenville
Hyundai,Accent,5,1,18300.4,$36701,$14448,-61,-73.24444444,Austin
Saturn,SW,11,1,29055,$111001,$43583,-61,-41.89165767,Scottsdale
Mercedes-B,CLK Coupe,3,1,22000,$22000,$8609,-61,,Aurora
Subaru,Outback,22,1,36579.81818,$258001,$100595,-61,76.48245614,Greenville
Cadillac,DeVille,14,1,38828.85714,$182001,$70905,-61,7.184967953,Greenville
Oldsmobile,Intrigue,17,1,36559,$208503,$81066,-61,-39.0481203,Janesville
Saab,Aero,23,1,39152.3913,$305002,$117457,-61,-37.18877005,Aurora
Chevrolet,Corvette,41,1,32151.5122,$429102,$164777,-62,-23.71470502,Janesville
Porsche,Boxter,14,1,18607.28571,$114001,$43417,-62,3.373809524,Pasco
Mercedes-B,SL-Class,14,1,27982.42857,$130501,$48969,-62,-57.04586721,Pasco
Saturn,SL,4,1,15500.25,$31001,$11625,-63,,Greenville
Dodge,Avenger,12,1,25333.5,$106000,$39652,-63,-39.92121212,Janesville
Volvo,S80,27,1,22544.66667,$213603,$79396,-63,-5.594463799,Scottsdale
Mercedes-B,S-Class,42,1,27349.07143,$388501,$143583,-63,20.45452639,Scottsdale
Infiniti,I30,30,1.034482759,30903.72414,$304002,$112026,-63,85.62409902,Janesville
Chevrolet,Lumina,24,1,23950.29167,$204000,$74975,-63,-7.440557023,Middletown
Toyota,Tacoma,19,1.055555556,39277.94444,$241001,$88375,-63,-50.90359605,Middletown
Mitsubishi,Galant,13,1,37861.76923,$192201,$70315,-63,-58.88083835,Middletown
Toyota,Land Cruiser,10,1,18420.3,$63001,$23025,-63,-36.04166667,Aurora
Mitsubishi,Galant,11,1,39418.27273,$156500,$56557,-64,,Austin
Oldsmobile,Aurora,19,1,39063.36842,$258202,$92776,-64,-64.95739409,Greenville
Mitsubishi,Montero,12,1,16050.25,$80601,$28890,-64,-39.8125,Greenville
Volkswagen,GTI,22,1,24794.77273,$190502,$68186,-64,-32.61054338,Middletown
Subaru,Outback,15,1,36803.66667,$194751,$69007,-65,-53.05646259,Pasco
Saturn,SL,5,1,18880.6,$40001,$14160,-65,,Scottsdale
Lexus,RX300,2,1,18000,$18000,$6353,-65,,Aurora
Plymouth,Prowler,17,1,39798.58824,$261501,$92260,-65,30.86153584,Greenville
Nissan,Altima,14,1,20557.42857,$102101,$35976,-65,-42.44024191,Aurora
Plymouth,Voyager,22,1.1,32415.35,$264002,$88406,-67,-75.23662266,Pasco
Pontiac,Grand Prix,21,1,31833.66667,$260504,$87197,-67,,Greenville
Buick,Century,7,1,17029,$51002,$17029,-67,,Janesville
Ford,Escort,6,1,13000.5,$37001,$12316,-67,-62.68218041,Aurora
Oldsmobile,Aurora,15,1.071428571,46786.28571,$247002,$81876,-67,-48.01622826,Austin
Oldsmobile,Intrigue,19,1,37336.15789,$321284,$106408,-67,-28.1027027,Middletown
Mitsubishi,Montero Sport,16,1,39094,$246501,$81587,-67,-35.24995437,Scottsdale
Lincoln,Town car,30,1,24001.93333,$288304,$93921,-67,42.30023333,Janesville
Ford,Taurus,23,1.095238095,41176.38095,$336503,$108088,-68,-47.78357488,Greenville
Lexus,LX470,16,1,33906.4375,$216001,$67813,-69,1.592509363,Scottsdale
Acura,Integra,5,1,45100.6,$90001,$28188,-69,-79.12,Aurora
Chevrolet,Monte Carlo,17,1,28029.70588,$198503,$62153,-69,-52.91439394,Greenville
Mercury,Mountaineer,4,1,21000.25,$42000,$12600,-70,,Scottsdale
Cadillac,DeVille,12,1,45650.33333,$229001,$68476,-70,3.746799388,Aurora
Dodge,Dakota,9,1,18000.22222,$75000,$22091,-71,,Aurora
Ford,Contour,13,1,48807.84615,$286002,$82761,-71,-55.50483871,Scottsdale
BMW,328i,24,1.043478261,28522,$297104,$85566,-71,8.652478667,Pasco
Mercury,Mystique,6,1,15791.66667,$47000,$13536,-71,-84.44137931,Aurora
Lincoln,Continental,24,1,39258.5,$424001,$117776,-72,-23.77056608,Greenville
Buick,LeSabre,4,1,20000.25,$40000,$10909,-73,,Janesville
Buick,LeSabre,4,1,20125.25,$40500,$10977,-73,-81.7059147,Austin
Volvo,V70,4,1,39000.5,$78001,$20348,-74,,Aurora
Lexus,LX470,11,1,36636.54545,$206002,$52565,-74,,Middletown
Porsche,Boxter,12,1,21333.5,$140001,$34909,-75,-16.88729108,Scottsdale
